約定日,受渡日,銘柄コード,銘柄名,市場名称,口座区分,取引区分,売買区分,信用区分,弁済期限,数量［株］,単価［円］,手数料［円］,税金等［円］,諸費用［円］,税区分,受渡金額［円］,建約定日,建単価［円］,建手数料［円］,建手数料消費税［円］,金利（支払）〔円〕,金利（受取）〔円〕,逆日歩／特別空売り料（支払）〔円〕,逆日歩（受取）〔円〕,貸株料,事務管理費〔円〕（税抜）,名義書換料〔円〕（税抜）
2024/10/28,2024/10/30,3134,Ｈａｍｅｅ,東証,特定,現物,買付,-,-,100,995,0,0,0,-,"99,500",-,0,0,0,0,0,0,0,0,0,0
2024/10/28,2024/10/30,3134,Ｈａｍｅｅ,東証,特定,信用新規,売建,一般,14日,100,995,0,0,0,-,-,-,0,0,0,0,0,0,0,0,0,0
2024/10/30,2024/11/1,3134,Ｈａｍｅｅ,東証,特定,現渡,,一般,14日,100,0,0,0,31,源徴あり,"99,469",2024/10/28,995,0,0,0,0,0,0,31,0,0
2024/12/13,2024/12/17,8029,ルックホールディングス,東証,特定,現物,買付,-,-,100,"2,480.00",0,0,0,-,"248,000",-,0,0,0,0,0,0,0,0,0,0
2024/12/13,2024/12/17,8029,ルックホールディングス,東証,特定,信用新規,売建,一般,無期限,100,"2,480.00",0,0,0,-,-,-,0,0,0,0,0,0,0,0,0,0
2024/12/16,2024/12/18,2702,日本マクドナルドＨＬＤＧ,東証,特定,現物,買付,-,-,100,"6,300.00",0,0,0,-,"630,000",-,0,0,0,0,0,0,0,0,0,0
2024/12/16,2024/12/18,2702,日本マクドナルドＨＬＤＧ,東証,特定,現物,買付,-,-,400,"6,300.00",0,0,0,-,"2,520,000",-,0,0,0,0,0,0,0,0,0,0
2024/12/16,2024/12/18,2702,日本マクドナルドＨＬＤＧ,東証,特定,信用新規,売建,一般,無期限,100,"6,300.00",0,0,0,-,-,-,0,0,0,0,0,0,0,0,0,0
2024/12/16,2024/12/18,2702,日本マクドナルドＨＬＤＧ,東証,特定,信用新規,売建,一般,無期限,400,"6,300.00",0,0,0,-,-,-,0,0,0,0,0,0,0,0,0,0
2024/12/16,2024/12/18,3197,すかいらーくホールディングス,東証,特定,現物,買付,-,-,"1,000","2,499.00",0,0,0,-,"2,499,000",-,0,0,0,0,0,0,0,0,0,0
2024/12/16,2024/12/18,3197,すかいらーくホールディングス,東証,特定,信用新規,売建,一般,無期限,"1,000","2,499.00",0,0,0,-,-,-,0,0,0,0,0,0,0,0,0,0
2024/12/16,2024/12/18,7128,フルサト・マルカＨＤ,東証,特定,現物,買付,-,-,500,"2,251.00",0,0,0,-,"1,125,500",-,0,0,0,0,0,0,0,0,0,0
2024/12/16,2024/12/18,7128,フルサト・マルカＨＤ,東証,特定,信用新規,売建,一般,無期限,500,"2,251.00",0,0,0,-,-,-,0,0,0,0,0,0,0,0,0,0
2024/12/24,2024/12/26,3415,ＴＯＫＹＯ　ＢＡＳＥ,東証,特定,現物,買付,-,-,"1,000",312,0,0,0,-,"312,000",-,0,0,0,0,0,0,0,0,0,0
2024/12/24,2024/12/26,3415,ＴＯＫＹＯ　ＢＡＳＥ,東証,特定,信用新規,売建,一般,無期限,"1,000",312,0,0,0,-,-,-,0,0,0,0,0,0,0,0,0,0
2024/12/26,2024/12/30,4967,小林製薬,東証,特定,現物,買付,-,-,100,"6,100.00",0,0,0,-,"610,000",-,0,0,0,0,0,0,0,0,0,0
2024/12/26,2024/12/30,4967,小林製薬,東証,特定,信用新規,売建,一般,14日,100,"6,100.00",0,0,0,-,-,-,0,0,0,0,0,0,0,0,0,0
2024/12/27,2025/1/6,2702,日本マクドナルドＨＬＤＧ,東証,特定,現渡,,一般,無期限,100,0,0,0,379,源徴あり,"629,621",2024/12/16,"6,300.00",0,0,0,0,0,0,379,0,0
2024/12/27,2025/1/6,2702,日本マクドナルドＨＬＤＧ,東証,特定,現渡,,一般,無期限,400,0,0,0,"1,518",源徴あり,"2,518,482",2024/12/16,"6,300.00",0,0,0,0,0,0,"1,518",0,0
2024/12/27,2025/1/6,3197,すかいらーくホールディングス,東証,特定,現渡,,一般,無期限,"1,000",0,0,0,"1,506",源徴あり,"2,497,494",2024/12/16,"2,499.00",0,0,0,0,0,0,"1,506",0,0
2024/12/27,2025/1/6,3415,ＴＯＫＹＯ　ＢＡＳＥ,東証,特定,現渡,,一般,無期限,"1,000",0,0,0,112,源徴あり,"311,888",2024/12/24,312,0,0,0,0,0,0,112,0,0
2024/12/27,2025/1/6,4967,小林製薬,東証,特定,現渡,,一般,14日,100,0,0,0,521,源徴あり,"609,479",2024/12/26,"6,100.00",0,0,0,0,0,0,521,0,0
2024/12/27,2025/1/6,7128,フルサト・マルカＨＤ,東証,特定,現渡,,一般,無期限,500,0,0,0,678,源徴あり,"1,124,822",2024/12/16,"2,251.00",0,0,0,0,0,0,678,0,0
2024/12/27,2025/1/6,8029,ルックホールディングス,東証,特定,現渡,,一般,無期限,100,0,0,0,156,源徴あり,"247,844",2024/12/13,"2,480.00",0,0,0,0,0,0,156,0,0
2025/1/15,2025/1/17,8278,フジ,東証,特定,現物,買付,-,-,100,"2,099.00",0,0,0,-,"209,900",-,0,0,0,0,0,0,0,0,0,0
2025/1/15,2025/1/17,8278,フジ,東証,特定,信用新規,売建,一般,無期限,100,"2,099.00",0,0,0,-,-,-,0,0,0,0,0,0,0,0,0,0
2025/1/17,2025/1/21,3387,クリエイト・レストランツ・ホール,東証,特定,現物,買付,-,-,600,"1,255.00",0,0,0,-,"753,000",-,0,0,0,0,0,0,0,0,0,0
2025/1/17,2025/1/21,3387,クリエイト・レストランツ・ホール,東証,特定,信用新規,売建,一般,無期限,600,"1,255.00",0,0,0,-,-,-,0,0,0,0,0,0,0,0,0,0
2025/1/17,2025/1/21,7512,イオン北海道,東証,特定,現物,買付,-,-,300,840,0,0,0,-,"252,000",-,0,0,0,0,0,0,0,0,0,0
2025/1/17,2025/1/21,7512,イオン北海道,東証,特定,信用新規,売建,一般,無期限,300,840,0,0,0,-,-,-,0,0,0,0,0,0,0,0,0,0
2025/1/17,2025/1/21,7513,コジマ,東証,特定,現物,買付,-,-,100,971,0,0,0,-,"97,100",-,0,0,0,0,0,0,0,0,0,0
2025/1/17,2025/1/21,7513,コジマ,東証,特定,信用新規,売建,一般,無期限,100,971,0,0,0,-,-,-,0,0,0,0,0,0,0,0,0,0
2025/1/23,2025/1/27,3382,セブン＆アイ・ＨＬＤＧＳ,東証,特定,現物,買付,-,-,100,"2,422.50",0,0,0,-,"242,250",-,0,0,0,0,0,0,0,0,0,0
2025/1/23,2025/1/27,3382,セブン＆アイ・ＨＬＤＧＳ,東証,特定,信用新規,売建,一般,無期限,100,"2,422.50",0,0,0,-,-,-,0,0,0,0,0,0,0,0,0,0
2025/1/27,2025/1/29,9416,ビジョン,東証,特定,現物,買付,-,-,300,"1,155.00",0,0,0,-,"346,500",-,0,0,0,0,0,0,0,0,0,0
2025/1/27,2025/1/29,9416,ビジョン,東証,特定,信用新規,売建,一般,無期限,300,"1,155.00",0,0,0,-,-,-,0,0,0,0,0,0,0,0,0,0
2025/1/29,2025/1/31,3539,ＪＭホールディングス,東証,特定,現物,買付,-,-,100,"2,424.00",0,0,0,-,"242,400",-,0,0,0,0,0,0,0,0,0,0
2025/1/29,2025/1/31,3539,ＪＭホールディングス,東証,特定,信用新規,売建,一般,無期限,100,"2,424.00",0,0,0,-,-,-,0,0,0,0,0,0,0,0,0,0
2025/1/29,2025/1/31,8125,ワキタ,東証,特定,現物,買付,-,-,300,"1,829.00",0,0,0,-,"548,700",-,0,0,0,0,0,0,0,0,0,0
2025/1/29,2025/1/31,8125,ワキタ,東証,特定,信用新規,売建,一般,無期限,300,"1,829.00",0,0,0,-,-,-,0,0,0,0,0,0,0,0,0,0
2025/1/29,2025/1/31,9418,Ｕ－ＮＥＸＴ　ＨＯＬＤＩＮＧＳ,東証,特定,現物,買付,-,-,100,"1,805.00",0,0,0,-,"180,500",-,0,0,0,0,0,0,0,0,0,0
2025/1/29,2025/1/31,9418,Ｕ－ＮＥＸＴ　ＨＯＬＤＩＮＧＳ,東証,特定,信用新規,売建,一般,無期限,100,"1,805.00",0,0,0,-,-,-,0,0,0,0,0,0,0,0,0,0
2025/1/30,2025/2/3,3050,ＤＣＭホールディングス,東証,特定,現物,買付,-,-,100,"1,420.00",0,0,0,-,"142,000",-,0,0,0,0,0,0,0,0,0,0
2025/1/30,2025/2/3,3050,ＤＣＭホールディングス,東証,特定,信用新規,売建,一般,無期限,100,"1,420.00",0,0,0,-,-,-,0,0,0,0,0,0,0,0,0,0
2025/1/30,2025/2/3,3539,ＪＭホールディングス,東証,特定,現渡,,一般,無期限,100,0,0,0,29,源徴あり,"242,371",2025/1/29,"2,424.00",0,0,0,0,0,0,29,0,0
2025/1/30,2025/2/3,7513,コジマ,東証,特定,現物,買付,-,-,400,"1,014.00",0,0,0,-,"405,600",-,0,0,0,0,0,0,0,0,0,0
2025/1/30,2025/2/3,7513,コジマ,東証,特定,信用新規,売建,一般,無期限,400,"1,014.00",0,0,0,-,-,-,0,0,0,0,0,0,0,0,0,0
2025/1/30,2025/2/3,8167,リテールパートナーズ,東証,特定,現物,買付,-,-,100,"1,272.00",0,0,0,-,"127,200",-,0,0,0,0,0,0,0,0,0,0
2025/1/30,2025/2/3,8167,リテールパートナーズ,東証,特定,信用新規,売建,一般,無期限,100,"1,272.00",0,0,0,-,-,-,0,0,0,0,0,0,0,0,0,0
2025/1/30,2025/2/3,9842,アークランズ,東証,特定,現物,買付,-,-,"1,000","1,699.00",0,0,0,-,"1,699,000",-,0,0,0,0,0,0,0,0,0,0
2025/1/30,2025/2/3,9842,アークランズ,東証,特定,信用新規,売建,一般,無期限,"1,000","1,699.00",0,0,0,-,-,-,0,0,0,0,0,0,0,0,0,0
2025/1/31,2025/2/4,3048,ビックカメラ,東証,特定,現物,買付,-,-,100,"1,679.00",0,0,0,-,"167,900",-,0,0,0,0,0,0,0,0,0,0
2025/1/31,2025/2/4,3048,ビックカメラ,東証,特定,信用新規,売建,一般,無期限,100,"1,679.00",0,0,0,-,-,-,0,0,0,0,0,0,0,0,0,0
2025/1/31,2025/2/4,3141,ウエルシアＨＤ,東証,特定,現物,買付,-,-,100,"2,227.00",0,0,0,-,"222,700",-,0,0,0,0,0,0,0,0,0,0
2025/1/31,2025/2/4,3141,ウエルシアＨＤ,東証,特定,信用新規,売建,一般,無期限,100,"2,227.00",0,0,0,-,-,-,0,0,0,0,0,0,0,0,0,0
2025/1/31,2025/2/4,7942,ジェイエスピー,東証,特定,現物,買付,-,-,100,"2,118.00",0,0,0,-,"211,800",-,0,0,0,0,0,0,0,0,0,0
2025/1/31,2025/2/4,7942,ジェイエスピー,東証,特定,信用新規,売建,一般,無期限,100,"2,118.00",0,0,0,-,-,-,0,0,0,0,0,0,0,0,0,0
2025/1/31,2025/2/4,8016,オンワ－ドホールディングス,東証,特定,現物,買付,-,-,100,622,0,0,0,-,"62,200",-,0,0,0,0,0,0,0,0,0,0
2025/1/31,2025/2/4,8016,オンワ－ドホールディングス,東証,特定,信用新規,売建,一般,無期限,100,622,0,0,0,-,-,-,0,0,0,0,0,0,0,0,0,0
2025/1/31,2025/2/4,8905,イオンモール,東証,特定,現物,買付,-,-,100,"1,956.00",0,0,0,-,"195,600",-,0,0,0,0,0,0,0,0,0,0
2025/1/31,2025/2/4,8905,イオンモール,東証,特定,信用新規,売建,一般,無期限,100,"1,956.00",0,0,0,-,-,-,0,0,0,0,0,0,0,0,0,0
2025/1/31,2025/2/4,9948,アークス,東証,特定,現物,買付,-,-,100,"2,695.00",0,0,0,-,"269,500",-,0,0,0,0,0,0,0,0,0,0
2025/1/31,2025/2/4,9948,アークス,東証,特定,信用新規,売建,一般,無期限,100,"2,695.00",0,0,0,-,-,-,0,0,0,0,0,0,0,0,0,0
2025/2/3,2025/2/5,3087,ドトール・日レスＨＤ,東証,特定,現物,買付,-,-,100,"2,348.00",0,0,0,-,"234,800",-,0,0,0,0,0,0,0,0,0,0
2025/2/3,2025/2/5,3087,ドトール・日レスＨＤ,東証,特定,信用新規,売建,一般,無期限,100,"2,348.00",0,0,0,-,-,-,0,0,0,0,0,0,0,0,0,0
2025/2/3,2025/2/5,8052,椿本興業,東証,特定,現物,買付,-,-,100,"2,158.00",0,0,0,-,"215,800",-,0,0,0,0,0,0,0,0,0,0
2025/2/3,2025/2/5,8052,椿本興業,東証,特定,信用新規,売建,一般,無期限,100,"2,158.00",0,0,0,-,-,-,0,0,0,0,0,0,0,0,0,0
2025/2/6,2025/2/10,7513,コジマ,東証,特定,現渡,,一般,無期限,100,0,0,0,61,源徴あり,"97,039",2025/1/17,971,0,0,0,0,0,0,61,0,0
2025/2/6,2025/2/10,7942,ジェイエスピー,東証,特定,現渡,,一般,無期限,100,0,0,0,44,源徴あり,"211,756",2025/1/31,"2,118.00",0,0,0,0,0,0,44,0,0
2025/2/6,2025/2/10,8052,椿本興業,東証,特定,現渡,,一般,無期限,100,0,0,0,39,源徴あり,"215,761",2025/2/3,"2,158.00",0,0,0,0,0,0,39,0,0
2025/2/6,2025/2/10,9416,ビジョン,東証,特定,現渡,,一般,無期限,300,0,0,0,135,源徴あり,"346,365",2025/1/27,"1,155.00",0,0,0,0,0,0,135,0,0
2025/2/7,2025/2/12,3382,セブン＆アイ・ＨＬＤＧＳ,東証,特定,現物,買付,-,-,100,"2,398.50",0,0,0,-,"239,850",-,0,0,0,0,0,0,0,0,0,0
2025/2/7,2025/2/12,3382,セブン＆アイ・ＨＬＤＧＳ,東証,特定,信用新規,売建,一般,無期限,100,"2,398.50",0,0,0,-,-,-,0,0,0,0,0,0,0,0,0,0
2025/2/7,2025/2/12,3382,セブン＆アイ・ＨＬＤＧＳ,東証,特定,現渡,,一般,無期限,100,0,0,0,124,源徴あり,"242,126",2025/1/23,"2,422.50",0,0,0,0,0,0,124,0,0
2025/2/7,2025/2/12,7630,壱番屋,東証,特定,現物,買付,-,-,100,978,0,0,0,-,"97,800",-,0,0,0,0,0,0,0,0,0,0
2025/2/7,2025/2/12,7630,壱番屋,東証,特定,信用新規,売建,一般,無期限,100,978,0,0,0,-,-,-,0,0,0,0,0,0,0,0,0,0
2025/2/7,2025/2/12,9418,Ｕ－ＮＥＸＴ　ＨＯＬＤＩＮＧＳ,東証,特定,現物,買付,-,-,100,"1,814.00",0,0,0,-,"181,400",-,0,0,0,0,0,0,0,0,0,0
2025/2/7,2025/2/12,9418,Ｕ－ＮＥＸＴ　ＨＯＬＤＩＮＧＳ,東証,特定,信用新規,売建,一般,無期限,100,"1,814.00",0,0,0,-,-,-,0,0,0,0,0,0,0,0,0,0
2025/2/7,2025/2/12,9418,Ｕ－ＮＥＸＴ　ＨＯＬＤＩＮＧＳ,東証,特定,現渡,,一般,無期限,100,0,0,0,70,源徴あり,"180,430",2025/1/29,"1,805.00",0,0,0,0,0,0,70,0,0
2025/2/13,2025/2/17,3391,ツルハホールディングス,東証,特定,現物,買付,-,-,100,"9,275.00",0,0,0,-,"927,500",-,0,0,0,0,0,0,0,0,0,0
2025/2/13,2025/2/17,3391,ツルハホールディングス,東証,特定,信用新規,売建,一般,無期限,100,"9,275.00",0,0,0,-,-,-,0,0,0,0,0,0,0,0,0,0
2025/2/25,2025/2/27,9601,松竹,東証,特定,現物,買付,-,-,100,"11,500.00",0,0,0,-,"1,150,000",-,0,0,0,0,0,0,0,0,0,0
2025/2/25,2025/2/27,9601,松竹,東証,特定,信用新規,売建,一般,14日,100,"11,500.00",0,0,0,-,-,-,0,0,0,0,0,0,0,0,0,0
2025/2/27,2025/3/3,3048,ビックカメラ,東証,特定,現渡,,一般,無期限,100,0,0,0,141,源徴あり,"167,759",2025/1/31,"1,679.00",0,0,0,0,0,0,141,0,0
2025/2/27,2025/3/3,3050,ＤＣＭホールディングス,東証,特定,現渡,,一般,無期限,100,0,0,0,124,源徴あり,"141,876",2025/1/30,"1,420.00",0,0,0,0,0,0,124,0,0
2025/2/27,2025/3/3,3087,ドトール・日レスＨＤ,東証,特定,現渡,,一般,無期限,100,0,0,0,191,源徴あり,"234,609",2025/2/3,"2,348.00",0,0,0,0,0,0,191,0,0
2025/2/27,2025/3/3,3141,ウエルシアＨＤ,東証,特定,現渡,,一般,無期限,100,0,0,0,187,源徴あり,"222,513",2025/1/31,"2,227.00",0,0,0,0,0,0,187,0,0
2025/2/27,2025/3/3,3382,セブン＆アイ・ＨＬＤＧＳ,東証,特定,現渡,,一般,無期限,100,0,0,0,144,源徴あり,"239,706",2025/2/7,"2,398.50",0,0,0,0,0,0,144,0,0
2025/2/27,2025/3/3,3387,クリエイト・レストランツ・ホール,東証,特定,現渡,,一般,無期限,600,0,0,10,"1,053",源徴あり,"751,937",2025/1/17,"1,255.00",0,0,0,0,0,0,953,100,0
2025/2/27,2025/3/3,3391,ツルハホールディングス,東証,特定,現渡,,一般,無期限,100,0,0,0,419,源徴あり,"927,081",2025/2/13,"9,275.00",0,0,0,0,0,0,419,0,0
2025/2/27,2025/3/3,7512,イオン北海道,東証,特定,現渡,,一般,無期限,300,0,0,10,418,源徴あり,"251,572",2025/1/17,840,0,0,0,0,0,0,318,100,0
2025/2/27,2025/3/3,7513,コジマ,東証,特定,現渡,,一般,無期限,400,0,0,0,354,源徴あり,"405,246",2025/1/30,"1,014.00",0,0,0,0,0,0,354,0,0
2025/2/27,2025/3/3,7630,壱番屋,東証,特定,現渡,,一般,無期限,100,0,0,0,58,源徴あり,"97,742",2025/2/7,978,0,0,0,0,0,0,58,0,0
2025/2/27,2025/3/3,8016,オンワ－ドホールディングス,東証,特定,現渡,,一般,無期限,100,0,0,0,52,源徴あり,"62,148",2025/1/31,622,0,0,0,0,0,0,52,0,0
2025/2/27,2025/3/3,8125,ワキタ,東証,特定,現渡,,一般,無期限,300,0,0,0,529,源徴あり,"548,171",2025/1/29,"1,829.00",0,0,0,0,0,0,529,0,0
2025/2/27,2025/3/3,8167,リテールパートナーズ,東証,特定,現渡,,一般,無期限,100,0,0,0,111,源徴あり,"127,089",2025/1/30,"1,272.00",0,0,0,0,0,0,111,0,0
2025/2/27,2025/3/3,8278,フジ,東証,特定,現渡,,一般,無期限,100,0,0,10,390,源徴あり,"209,500",2025/1/15,"2,099.00",0,0,0,0,0,0,290,100,0
2025/2/27,2025/3/3,8905,イオンモール,東証,特定,現渡,,一般,無期限,100,0,0,0,165,源徴あり,"195,435",2025/1/31,"1,956.00",0,0,0,0,0,0,165,0,0
2025/2/27,2025/3/3,9418,Ｕ－ＮＥＸＴ　ＨＯＬＤＩＮＧＳ,東証,特定,現渡,,一般,無期限,100,0,0,0,109,源徴あり,"181,291",2025/2/7,"1,814.00",0,0,0,0,0,0,109,0,0
2025/2/27,2025/3/3,9601,松竹,東証,特定,現渡,,一般,14日,100,0,0,0,614,源徴あり,"1,149,386",2025/2/25,"11,500.00",0,0,0,0,0,0,614,0,0
2025/2/27,2025/3/3,9842,アークランズ,東証,特定,現渡,,一般,無期限,"1,000",0,0,0,"1,484",源徴あり,"1,697,516",2025/1/30,"1,699.00",0,0,0,0,0,0,"1,484",0,0
2025/2/27,2025/3/3,9948,アークス,東証,特定,現渡,,一般,無期限,100,0,0,0,227,源徴あり,"269,273",2025/1/31,"2,695.00",0,0,0,0,0,0,227,0,0
2025/8/12,2025/8/14,4333,東邦システムサイエンス,東証,特定,現物,買付,-,-,100,"1,262.00",0,0,0,-,"126,200",-,0,0,0,0,0,0,0,0,0,0
2025/8/12,2025/8/14,4333,東邦システムサイエンス,東証,特定,信用新規,売建,一般,無期限,100,"1,262.00",0,0,0,-,-,-,0,0,0,0,0,0,0,0,0,0
2025/8/12,2025/8/14,6050,イー・ガーディアン,東証,特定,現物,買付,-,-,100,"2,038.00",0,0,0,-,"203,800",-,0,0,0,0,0,0,0,0,0,0
2025/8/12,2025/8/14,6050,イー・ガーディアン,東証,特定,信用新規,売建,一般,無期限,100,"2,038.00",0,0,0,-,-,-,0,0,0,0,0,0,0,0,0,0
2025/8/12,2025/8/14,9644,タナベコンサルティンググループ,東証,特定,現物,買付,-,-,"1,000",715,0,0,0,-,"715,000",-,0,0,0,0,0,0,0,0,0,0
2025/8/12,2025/8/14,9644,タナベコンサルティンググループ,東証,特定,信用新規,売建,一般,無期限,300,715,0,0,0,-,-,-,0,0,0,0,0,0,0,0,0,0
2025/8/12,2025/8/14,9644,タナベコンサルティンググループ,東証,特定,信用新規,売建,一般,無期限,700,715,0,0,0,-,-,-,0,0,0,0,0,0,0,0,0,0
2025/8/14,2025/8/18,9601,松竹,東証,特定,現物,買付,-,-,100,"14,350.00",0,0,0,-,"1,435,000",-,0,0,0,0,0,0,0,0,0,0
2025/8/14,2025/8/18,9601,松竹,東証,特定,信用新規,売建,一般,無期限,100,"14,350.00",0,0,0,-,-,-,0,0,0,0,0,0,0,0,0,0
2025/8/15,2025/8/19,3222,ユナイテッド・スーパーマーケ,東証,特定,現物,買付,-,-,500,989,0,0,0,-,"494,500",-,0,0,0,0,0,0,0,0,0,0
2025/8/15,2025/8/19,3222,ユナイテッド・スーパーマーケ,東証,特定,信用新規,売建,一般,無期限,100,989,0,0,0,-,-,-,0,0,0,0,0,0,0,0,0,0
2025/8/15,2025/8/19,3222,ユナイテッド・スーパーマーケ,東証,特定,信用新規,売建,一般,無期限,100,989,0,0,0,-,-,-,0,0,0,0,0,0,0,0,0,0
2025/8/15,2025/8/19,3222,ユナイテッド・スーパーマーケ,東証,特定,信用新規,売建,一般,無期限,300,989,0,0,0,-,-,-,0,0,0,0,0,0,0,0,0,0
2025/8/15,2025/8/19,7085,カーブスホールディングス,東証,特定,現物,買付,-,-,100,781,0,0,0,-,"78,100",-,0,0,0,0,0,0,0,0,0,0
2025/8/15,2025/8/19,7085,カーブスホールディングス,東証,特定,信用新規,売建,一般,無期限,100,781,0,0,0,-,-,-,0,0,0,0,0,0,0,0,0,0
2025/8/28,2025/9/1,3222,ユナイテッド・スーパーマーケ,東証,特定,現渡,,一般,無期限,100,0,0,0,41,源徴あり,"98,859",2025/8/15,989,0,0,0,0,0,0,41,0,0
2025/8/28,2025/9/1,3222,ユナイテッド・スーパーマーケ,東証,特定,現渡,,一般,無期限,100,0,0,0,41,源徴あり,"98,859",2025/8/15,989,0,0,0,0,0,0,41,0,0
2025/8/28,2025/9/1,3222,ユナイテッド・スーパーマーケ,東証,特定,現渡,,一般,無期限,300,0,0,0,125,源徴あり,"296,575",2025/8/15,989,0,0,0,0,0,0,125,0,0
2025/8/28,2025/9/1,4661,オリエンタルランド,東証,特定,現物,買付,-,-,100,"3,550.00",0,0,0,-,"355,000",-,0,0,0,0,0,0,0,0,0,0
2025/8/28,2025/9/1,4661,オリエンタルランド,東証,特定,信用新規,売建,一般,無期限,100,"3,550.00",0,0,0,-,-,-,0,0,0,0,0,0,0,0,0,0
2025/8/28,2025/9/1,7085,カーブスホールディングス,東証,特定,現渡,,一般,無期限,100,0,0,0,32,源徴あり,"78,068",2025/8/15,781,0,0,0,0,0,0,32,0,0
2025/8/28,2025/9/1,9601,松竹,東証,特定,現渡,,一般,無期限,100,0,0,0,648,源徴あり,"1,434,352",2025/8/14,"14,350.00",0,0,0,0,0,0,648,0,0
2025/8/29,2025/9/2,4344,ソースネクスト,東証,特定,現物,買付,-,-,"1,000",173,0,0,0,-,"173,000",-,0,0,0,0,0,0,0,0,0,0
2025/8/29,2025/9/2,4344,ソースネクスト,東証,特定,信用新規,売建,一般,無期限,"1,000",173,0,0,0,-,-,-,0,0,0,0,0,0,0,0,0,0
2025/8/29,2025/9/2,4661,オリエンタルランド,東証,特定,現物,買付,-,-,100,"3,522.00",0,0,0,-,"352,200",-,0,0,0,0,0,0,0,0,0,0
2025/8/29,2025/9/2,4661,オリエンタルランド,東証,特定,信用新規,売建,一般,無期限,100,"3,522.00",0,0,0,-,-,-,0,0,0,0,0,0,0,0,0,0
2025/8/29,2025/9/2,4661,オリエンタルランド,東証,特定,現渡,,一般,無期限,100,0,0,0,21,源徴あり,"354,979",2025/8/28,"3,550.00",0,0,0,0,0,0,21,0,0
2025/9/8,2025/9/10,1822,大豊建設,東証,特定,現物,買付,-,-,100,860,0,0,0,-,"86,000",-,0,0,0,0,0,0,0,0,0,0
2025/9/8,2025/9/10,1822,大豊建設,東証,特定,信用新規,売建,一般,無期限,100,860,0,0,0,-,-,-,0,0,0,0,0,0,0,0,0,0
2025/9/12,2025/9/17,8173,上新電機,東証,特定,現物,買付,-,-,100,"2,561.00",0,0,0,-,"256,100",-,0,0,0,0,0,0,0,0,0,0
2025/9/12,2025/9/17,8173,上新電機,東証,特定,信用新規,売建,一般,無期限,100,"2,561.00",0,0,0,-,-,-,0,0,0,0,0,0,0,0,0,0
2025/9/12,2025/9/17,9616,共立メンテナンス,東証,特定,現物,買付,-,-,100,"3,344.00",0,0,0,-,"334,400",-,0,0,0,0,0,0,0,0,0,0
2025/9/12,2025/9/17,9616,共立メンテナンス,東証,特定,信用新規,売建,一般,無期限,100,"3,344.00",0,0,0,-,-,-,0,0,0,0,0,0,0,0,0,0
2025/9/16,2025/9/18,3167,ＴＯＫＡＩホールディングス,東証,特定,現物,買付,-,-,300,"1,065.00",0,0,0,-,"319,500",-,0,0,0,0,0,0,0,0,0,0
2025/9/16,2025/9/18,3167,ＴＯＫＡＩホールディングス,東証,特定,信用新規,売建,一般,無期限,300,"1,065.00",0,0,0,-,-,-,0,0,0,0,0,0,0,0,0,0
2025/9/16,2025/9/18,7593,ＶＴホールディングス,東証,特定,現物,買付,-,-,100,502,0,0,0,-,"50,200",-,0,0,0,0,0,0,0,0,0,0
2025/9/16,2025/9/18,7593,ＶＴホールディングス,東証,特定,信用新規,売建,一般,無期限,100,502,0,0,0,-,-,-,0,0,0,0,0,0,0,0,0,0
2025/9/16,2025/9/18,8052,椿本興業,東証,特定,現物,買付,-,-,200,"2,956.00",0,0,0,-,"591,200",-,0,0,0,0,0,0,0,0,0,0
2025/9/16,2025/9/18,8052,椿本興業,東証,特定,信用新規,売建,一般,無期限,100,"2,956.00",0,0,0,-,-,-,0,0,0,0,0,0,0,0,0,0
2025/9/16,2025/9/18,8052,椿本興業,東証,特定,信用新規,売建,一般,無期限,100,"2,956.00",0,0,0,-,-,-,0,0,0,0,0,0,0,0,0,0
2025/9/16,2025/9/18,9010,富士急行,東証,特定,現物,買付,-,-,400,"2,448.00",0,0,0,-,"979,200",-,0,0,0,0,0,0,0,0,0,0
2025/9/16,2025/9/18,9010,富士急行,東証,特定,信用新規,売建,一般,無期限,400,"2,448.00",0,0,0,-,-,-,0,0,0,0,0,0,0,0,0,0
2025/9/16,2025/9/18,9041,近鉄グループＨＬＤＧＳ,東証,特定,現物,買付,-,-,100,"3,136.00",0,0,0,-,"313,600",-,0,0,0,0,0,0,0,0,0,0
2025/9/16,2025/9/18,9041,近鉄グループＨＬＤＧＳ,東証,特定,信用新規,売建,一般,無期限,100,"3,136.00",0,0,0,-,-,-,0,0,0,0,0,0,0,0,0,0
2025/9/16,2025/9/18,9831,ヤマダホールディングス,東証,特定,現物,買付,-,-,500,495.4,0,0,0,-,"247,700",-,0,0,0,0,0,0,0,0,0,0
2025/9/16,2025/9/18,9831,ヤマダホールディングス,東証,特定,現物,買付,-,-,500,493.7,0,0,0,-,"246,850",-,0,0,0,0,0,0,0,0,0,0
2025/9/16,2025/9/18,9831,ヤマダホールディングス,東証,特定,信用新規,売建,一般,無期限,500,495.4,0,0,0,-,-,-,0,0,0,0,0,0,0,0,0,0
2025/9/16,2025/9/18,9831,ヤマダホールディングス,東証,特定,信用新規,売建,一般,無期限,100,493.7,0,0,0,-,-,-,0,0,0,0,0,0,0,0,0,0
2025/9/16,2025/9/18,9831,ヤマダホールディングス,東証,特定,信用新規,売建,一般,無期限,100,493.7,0,0,0,-,-,-,0,0,0,0,0,0,0,0,0,0
2025/9/16,2025/9/18,9831,ヤマダホールディングス,東証,特定,信用新規,売建,一般,無期限,300,493.7,0,0,0,-,-,-,0,0,0,0,0,0,0,0,0,0
2025/9/29,2025/10/1,1822,大豊建設,東証,特定,現渡,,一般,無期限,100,0,0,0,57,源徴あり,"85,943",2025/9/8,860,0,0,0,0,0,0,57,0,0
2025/9/29,2025/10/1,3167,ＴＯＫＡＩホールディングス,東証,特定,現渡,,一般,無期限,300,0,0,0,134,源徴あり,"319,366",2025/9/16,"1,065.00",0,0,0,0,0,0,134,0,0
2025/9/29,2025/10/1,4333,東邦システムサイエンス,東証,特定,現渡,,一般,無期限,100,0,0,10,286,源徴あり,"125,904",2025/8/12,"1,262.00",0,0,0,0,0,0,186,100,0
2025/9/29,2025/10/1,4344,ソースネクスト,東証,特定,現渡,,一般,無期限,"1,000",0,0,0,156,源徴あり,"172,844",2025/8/29,173,0,0,0,0,0,0,156,0,0
2025/9/29,2025/10/1,4661,オリエンタルランド,東証,特定,現渡,,一般,無期限,100,0,0,0,318,源徴あり,"351,882",2025/8/29,"3,522.00",0,0,0,0,0,0,318,0,0
2025/9/29,2025/10/1,6050,イー・ガーディアン,東証,特定,現渡,,一般,無期限,100,0,0,10,400,源徴あり,"203,390",2025/8/12,"2,038.00",0,0,0,0,0,0,300,100,0
2025/9/29,2025/10/1,7593,ＶＴホールディングス,東証,特定,現渡,,一般,無期限,100,0,0,0,21,源徴あり,"50,179",2025/9/16,502,0,0,0,0,0,0,21,0,0
2025/9/29,2025/10/1,8052,椿本興業,東証,特定,現渡,,一般,無期限,100,0,0,0,124,源徴あり,"295,476",2025/9/16,"2,956.00",0,0,0,0,0,0,124,0,0
2025/9/29,2025/10/1,8052,椿本興業,東証,特定,現渡,,一般,無期限,100,0,0,0,124,源徴あり,"295,476",2025/9/16,"2,956.00",0,0,0,0,0,0,124,0,0
2025/9/29,2025/10/1,8173,上新電機,東証,特定,現渡,,一般,無期限,100,0,0,0,115,源徴あり,"255,985",2025/9/12,"2,561.00",0,0,0,0,0,0,115,0,0
2025/9/29,2025/10/1,9010,富士急行,東証,特定,現渡,,一般,無期限,400,0,0,0,413,源徴あり,"978,787",2025/9/16,"2,448.00",0,0,0,0,0,0,413,0,0
2025/9/29,2025/10/1,9041,近鉄グループＨＬＤＧＳ,東証,特定,現渡,,一般,無期限,100,0,0,0,132,源徴あり,"313,468",2025/9/16,"3,136.00",0,0,0,0,0,0,132,0,0
2025/9/29,2025/10/1,9616,共立メンテナンス,東証,特定,現渡,,一般,無期限,100,0,0,0,151,源徴あり,"334,249",2025/9/12,"3,344.00",0,0,0,0,0,0,151,0,0
2025/9/29,2025/10/1,9644,タナベコンサルティンググループ,東証,特定,現渡,,一般,無期限,300,0,0,0,316,源徴あり,"214,184",2025/8/12,715,0,0,0,0,0,0,316,0,0
2025/9/29,2025/10/1,9644,タナベコンサルティンググループ,東証,特定,現渡,,一般,無期限,700,0,0,10,839,源徴あり,"499,651",2025/8/12,715,0,0,0,0,0,0,739,100,0
2025/9/29,2025/10/1,9831,ヤマダホールディングス,東証,特定,現渡,,一般,無期限,100,0,0,0,20,源徴あり,"49,350",2025/9/16,493.7,0,0,0,0,0,0,20,0,0
2025/9/29,2025/10/1,9831,ヤマダホールディングス,東証,特定,現渡,,一般,無期限,100,0,0,0,20,源徴あり,"49,350",2025/9/16,493.7,0,0,0,0,0,0,20,0,0
2025/9/29,2025/10/1,9831,ヤマダホールディングス,東証,特定,現渡,,一般,無期限,300,0,0,0,62,源徴あり,"148,048",2025/9/16,493.7,0,0,0,0,0,0,62,0,0
2025/9/29,2025/10/1,9831,ヤマダホールディングス,東証,特定,現渡,,一般,無期限,500,0,0,0,104,源徴あり,"247,596",2025/9/16,495.4,0,0,0,0,0,0,104,0,0
2025/10/1,2025/10/3,8079,正栄食品,東証,特定,現物,買付,-,-,100,"4,145.00",0,0,0,-,"414,500",-,0,0,0,0,0,0,0,0,0,0
2025/10/1,2025/10/3,8079,正栄食品,東証,特定,信用新規,売建,一般,無期限,100,"4,145.00",0,0,0,-,-,-,0,0,0,0,0,0,0,0,0,0
2025/10/3,2025/10/7,2910,ロックフィールド,東証,特定,現物,買付,-,-,100,"1,461.00",0,0,0,-,"146,100",-,0,0,0,0,0,0,0,0,0,0
2025/10/3,2025/10/7,2910,ロックフィールド,東証,特定,信用新規,売建,一般,無期限,100,"1,461.00",0,0,0,-,-,-,0,0,0,0,0,0,0,0,0,0
2025/10/30,2025/11/4,2910,ロックフィールド,東証,特定,現渡,,一般,無期限,100,0,0,0,127,源徴あり,"145,973",2025/10/3,"1,461.00",0,0,0,0,0,0,127,0,0
2025/10/30,2025/11/4,8079,正栄食品,東証,特定,現渡,,一般,無期限,100,0,0,0,412,源徴あり,"414,088",2025/10/1,"4,145.00",0,0,0,0,0,0,412,0,0
2025/11/13,2025/11/17,8029,ルックホールディングス,東証,特定,現物,買付,-,-,100,"2,770.00",0,0,0,-,"277,000",-,0,0,0,0,0,0,0,0,0,0
2025/11/13,2025/11/17,8029,ルックホールディングス,東証,特定,信用新規,売建,一般,無期限,100,"2,770.00",0,0,0,-,-,-,0,0,0,0,0,0,0,0,0,0
2025/12/10,2025/12/12,4979,ＯＡＴアグリオ,東証,特定,現物,買付,-,-,100,"2,224.00",0,0,0,-,"222,400",-,0,0,0,0,0,0,0,0,0,0
2025/12/10,2025/12/12,4979,ＯＡＴアグリオ,東証,特定,信用新規,売建,一般,無期限,100,"2,224.00",0,0,0,-,-,-,0,0,0,0,0,0,0,0,0,0
2025/12/10,2025/12/12,5957,日東精工,東証,特定,現物,買付,-,-,"1,000",685,0,0,0,-,"685,000",-,0,0,0,0,0,0,0,0,0,0
2025/12/10,2025/12/12,5957,日東精工,東証,特定,信用新規,売建,一般,無期限,"1,000",685,0,0,0,-,-,-,0,0,0,0,0,0,0,0,0,0
2025/12/10,2025/12/12,7613,シークス,東証,特定,現物,買付,-,-,100,"1,307.00",0,0,0,-,"130,700",-,0,0,0,0,0,0,0,0,0,0
2025/12/10,2025/12/12,7613,シークス,東証,特定,信用新規,売建,一般,無期限,100,"1,307.00",0,0,0,-,-,-,0,0,0,0,0,0,0,0,0,0
2025/12/11,2025/12/15,3950,ザ・パック,東証,特定,現物,買付,-,-,100,"1,253.00",0,0,0,-,"125,300",-,0,0,0,0,0,0,0,0,0,0
2025/12/11,2025/12/15,3950,ザ・パック,東証,特定,信用新規,売建,一般,無期限,100,"1,253.00",0,0,0,-,-,-,0,0,0,0,0,0,0,0,0,0
2025/12/15,2025/12/17,3197,すかいらーくホールディングス,東証,特定,現物,買付,-,-,"1,000","3,505.00",0,0,0,-,"3,505,000",-,0,0,0,0,0,0,0,0,0,0
2025/12/15,2025/12/17,3197,すかいらーくホールディングス,東証,特定,現物,買付,-,-,"1,000","3,483.00",0,0,0,-,"3,483,000",-,0,0,0,0,0,0,0,0,0,0
2025/12/15,2025/12/17,3197,すかいらーくホールディングス,東証,特定,信用新規,売建,一般,無期限,"1,000","3,505.00",0,0,0,-,-,-,0,0,0,0,0,0,0,0,0,0
2025/12/15,2025/12/17,3197,すかいらーくホールディングス,東証,特定,現物,売付,-,-,"1,000","3,487.00",0,0,0,源徴あり,"3,487,000",-,0,0,0,0,0,0,0,0,0,0
2025/12/16,2025/12/18,4919,ミルボン,東証,特定,現物,買付,-,-,100,"2,476.00",0,0,0,-,"247,600",-,0,0,0,0,0,0,0,0,0,0
2025/12/16,2025/12/18,4919,ミルボン,東証,特定,信用新規,売建,一般,無期限,100,"2,476.00",0,0,0,-,-,-,0,0,0,0,0,0,0,0,0,0
2025/12/16,2025/12/18,4927,ポーラ・オルビスＨＤ,東証,特定,現物,買付,-,-,400,"1,340.00",0,0,0,-,"536,000",-,0,0,0,0,0,0,0,0,0,0
2025/12/16,2025/12/18,4927,ポーラ・オルビスＨＤ,東証,特定,信用新規,売建,一般,無期限,400,"1,340.00",0,0,0,-,-,-,0,0,0,0,0,0,0,0,0,0
2025/12/16,2025/12/18,5301,東海カーボン,東証,特定,現物,買付,-,-,100,954.5,0,0,0,-,"95,450",-,0,0,0,0,0,0,0,0,0,0
2025/12/16,2025/12/18,5301,東海カーボン,東証,特定,信用新規,売建,一般,無期限,100,954.5,0,0,0,-,-,-,0,0,0,0,0,0,0,0,0,0
2025/12/16,2025/12/18,7272,ヤマハ発動機,東証,特定,現物,買付,-,-,100,"1,189.00",0,0,0,-,"118,900",-,0,0,0,0,0,0,0,0,0,0
2025/12/16,2025/12/18,7272,ヤマハ発動機,東証,特定,信用新規,売建,一般,無期限,100,"1,189.00",0,0,0,-,-,-,0,0,0,0,0,0,0,0,0,0
2025/12/26,2025/12/30,2266,六甲バター,東証,特定,現物,買付,-,-,"1,000","1,244.00",0,0,0,-,"1,244,000",-,0,0,0,0,0,0,0,0,0,0
2025/12/26,2025/12/30,2266,六甲バター,東証,特定,信用新規,売建,一般,14日,"1,000","1,244.00",0,0,0,-,-,-,0,0,0,0,0,0,0,0,0,0
2025/12/29,2026/1/5,2266,六甲バター,東証,特定,現渡,,一般,14日,"1,000",0,0,0,930,源徴あり,"1,243,070",2025/12/26,"1,244.00",0,0,0,0,0,0,930,0,0
2025/12/29,2026/1/5,3197,すかいらーくホールディングス,東証,特定,現渡,,一般,無期限,"1,000",0,0,0,"2,112",源徴あり,"3,502,888",2025/12/15,"3,505.00",0,0,0,0,0,0,"2,112",0,0
2025/12/29,2026/1/5,3950,ザ・パック,東証,特定,現渡,,一般,無期限,100,0,0,0,83,源徴あり,"125,217",2025/12/11,"1,253.00",0,0,0,0,0,0,83,0,0
2025/12/29,2026/1/5,4919,ミルボン,東証,特定,現渡,,一般,無期限,100,0,0,0,141,源徴あり,"247,459",2025/12/16,"2,476.00",0,0,0,0,0,0,141,0,0
2025/12/29,2026/1/5,4927,ポーラ・オルビスＨＤ,東証,特定,現渡,,一般,無期限,400,0,0,0,306,源徴あり,"535,694",2025/12/16,"1,340.00",0,0,0,0,0,0,306,0,0
2025/12/29,2026/1/5,4979,ＯＡＴアグリオ,東証,特定,現渡,,一般,無期限,100,0,0,0,167,源徴あり,"222,233",2025/12/10,"2,224.00",0,0,0,0,0,0,167,0,0
2025/12/29,2026/1/5,5301,東海カーボン,東証,特定,現渡,,一般,無期限,100,0,0,0,54,源徴あり,"95,396",2025/12/16,954.5,0,0,0,0,0,0,54,0,0
2025/12/29,2026/1/5,5957,日東精工,東証,特定,現渡,,一般,無期限,"1,000",0,0,0,516,源徴あり,"684,484",2025/12/10,685,0,0,0,0,0,0,516,0,0
2025/12/29,2026/1/5,7272,ヤマハ発動機,東証,特定,現渡,,一般,無期限,100,0,0,0,68,源徴あり,"118,832",2025/12/16,"1,189.00",0,0,0,0,0,0,68,0,0
2025/12/29,2026/1/5,7613,シークス,東証,特定,現渡,,一般,無期限,100,0,0,0,98,源徴あり,"130,602",2025/12/10,"1,307.00",0,0,0,0,0,0,98,0,0
2025/12/29,2026/1/5,8029,ルックホールディングス,東証,特定,現渡,,一般,無期限,100,0,0,10,517,源徴あり,"276,473",2025/11/13,"2,770.00",0,0,0,0,0,0,417,100,0
2026/1/15,2026/1/19,3391,ツルハホールディングス,東証,特定,現物,買付,-,-,100,"2,544.00",0,0,0,-,"254,400",-,0,0,0,0,0,0,0,0,0,0
2026/1/15,2026/1/19,3391,ツルハホールディングス,東証,特定,信用新規,売建,一般,無期限,100,"2,544.00",0,0,0,-,-,-,0,0,0,0,0,0,0,0,0,0
2026/1/16,2026/1/20,7512,イオン北海道,東証,特定,現物,買付,-,-,"1,000",930,0,0,0,-,"930,000",-,0,0,0,0,0,0,0,0,0,0
2026/1/16,2026/1/20,7512,イオン北海道,東証,特定,信用新規,売建,一般,無期限,"1,000",930,0,0,0,-,-,-,0,0,0,0,0,0,0,0,0,0
2026/2/10,2026/2/13,8125,ワキタ,東証,特定,現物,買付,-,-,300,"2,080.00",0,0,0,-,"624,000",-,0,0,0,0,0,0,0,0,0,0
2026/2/10,2026/2/13,8125,ワキタ,東証,特定,信用新規,売建,一般,無期限,300,"2,080.00",0,0,0,-,-,-,0,0,0,0,0,0,0,0,0,0
2026/2/12,2026/2/16,3048,ビックカメラ,東証,特定,現物,買付,-,-,100,"1,782.50",0,0,0,-,"178,250",-,0,0,0,0,0,0,0,0,0,0
2026/2/12,2026/2/16,3048,ビックカメラ,東証,特定,信用新規,売建,一般,無期限,100,"1,782.50",0,0,0,-,-,-,0,0,0,0,0,0,0,0,0,0
2026/2/12,2026/2/16,3222,ユナイテッド・スーパーマーケ,東証,特定,現物,買付,-,-,400,996,0,0,0,-,"398,400",-,0,0,0,0,0,0,0,0,0,0
2026/2/12,2026/2/16,3222,ユナイテッド・スーパーマーケ,東証,特定,現物,買付,-,-,100,991,0,0,0,-,"99,100",-,0,0,0,0,0,0,0,0,0,0
2026/2/12,2026/2/16,3222,ユナイテッド・スーパーマーケ,東証,特定,信用新規,売建,一般,無期限,100,996,0,0,0,-,-,-,0,0,0,0,0,0,0,0,0,0
2026/2/12,2026/2/16,3222,ユナイテッド・スーパーマーケ,東証,特定,信用新規,売建,一般,無期限,300,996,0,0,0,-,-,-,0,0,0,0,0,0,0,0,0,0
2026/2/12,2026/2/16,3222,ユナイテッド・スーパーマーケ,東証,特定,信用新規,売建,一般,無期限,100,991,0,0,0,-,-,-,0,0,0,0,0,0,0,0,0,0
2026/2/12,2026/2/16,7630,壱番屋,東証,特定,現物,買付,-,-,100,928,0,0,0,-,"92,800",-,0,0,0,0,0,0,0,0,0,0
2026/2/12,2026/2/16,7630,壱番屋,東証,特定,信用新規,売建,一般,無期限,100,928,0,0,0,-,-,-,0,0,0,0,0,0,0,0,0,0
2026/2/12,2026/2/16,9418,Ｕ－ＮＥＸＴ　ＨＯＬＤＩＮＧＳ,東証,特定,現物,買付,-,-,100,"1,873.00",0,0,0,-,"187,300",-,0,0,0,0,0,0,0,0,0,0
2026/2/12,2026/2/16,9418,Ｕ－ＮＥＸＴ　ＨＯＬＤＩＮＧＳ,東証,特定,信用新規,売建,一般,無期限,100,"1,873.00",0,0,0,-,-,-,0,0,0,0,0,0,0,0,0,0
2026/2/12,2026/2/16,9948,アークス,東証,特定,現物,買付,-,-,100,"3,765.00",0,0,0,-,"376,500",-,0,0,0,0,0,0,0,0,0,0
2026/2/12,2026/2/16,9948,アークス,東証,特定,信用新規,売建,一般,無期限,100,"3,765.00",0,0,0,-,-,-,0,0,0,0,0,0,0,0,0,0
2026/2/13,2026/2/17,3382,セブン＆アイ・ＨＬＤＧＳ,東証,特定,現物,買付,-,-,100,"2,402.00",0,0,0,-,"240,200",-,0,0,0,0,0,0,0,0,0,0
2026/2/13,2026/2/17,3382,セブン＆アイ・ＨＬＤＧＳ,東証,特定,信用新規,売建,一般,無期限,100,"2,402.00",0,0,0,-,-,-,0,0,0,0,0,0,0,0,0,0
2026/2/13,2026/2/17,8016,オンワ－ドホールディングス,東証,特定,現物,買付,-,-,100,775,0,0,0,-,"77,500",-,0,0,0,0,0,0,0,0,0,0
2026/2/13,2026/2/17,8016,オンワ－ドホールディングス,東証,特定,信用新規,売建,一般,無期限,100,775,0,0,0,-,-,-,0,0,0,0,0,0,0,0,0,0
2026/2/13,2026/2/17,9418,Ｕ－ＮＥＸＴ　ＨＯＬＤＩＮＧＳ,東証,特定,現物,買付,-,-,900,"1,851.00",0,0,0,-,"1,665,900",-,0,0,0,0,0,0,0,0,0,0
2026/2/13,2026/2/17,9418,Ｕ－ＮＥＸＴ　ＨＯＬＤＩＮＧＳ,東証,特定,信用新規,売建,一般,無期限,900,"1,851.00",0,0,0,-,-,-,0,0,0,0,0,0,0,0,0,0
