約定日,銘柄,銘柄コード,市場,取引,期限,預り,課税,約定数量,約定単価,手数料/諸経費等,税額,受渡日,受渡金額/決済損益
2023/9/20,ビーアールホールディングス,1726,--,株式現物買,--, 特定 ,--,1,387,--,--,2023/9/22,387
2023/9/20,システム情報,3677,--,株式現物買,--, 特定 ,--,1,760,--,--,2023/9/22,760
2023/9/20,新東工業,6339,--,株式現物買,--, 特定 ,--,1,1164,--,--,2023/9/22,1164
2023/9/20,オートバックスセブン,9832,--,株式現物買,--, 特定 ,--,1,1599.5,--,--,2023/9/22,1599
2023/9/25,セントケア・ホールディング,2374,--,株式現物買,--, 特定 ,--,1,824,--,--,2023/9/27,824
2023/9/25,コジマ,7513,--,株式現物買,--, 特定 ,--,1,636,--,--,2023/9/27,636
2023/9/25,ケーズホールディングス,8282,--,株式現物買,--, 特定 ,--,1,1416,--,--,2023/9/27,1416
2023/9/26,コシダカホールディングス,2157,--,株式現物買,--, 特定 ,--,1,1246,--,--,2023/9/28,1246
2023/9/26,明光ネットワークジャパン,4668,--,株式現物買,--, 特定 ,--,1,650,--,--,2023/9/28,650
2023/9/29,小僧寿し,9973,--,株式現物買,--, 特定 ,--,1,20,--,--,2023/10/3,20
2023/10/6,アステナホールディングス,8095,--,株式現物買,--, 特定 ,--,1,475,--,--,2023/10/11,475
2023/10/10,バリューＨＲ,6078,--,株式現物買,--, 特定 ,--,1,1236,--,--,2023/10/12,1236
2023/10/23,ｅＭＡＸＩＳ　Ｓｌｉｍ　米国株式（Ｓ＆Ｐ５００）,,,投信金額買付,--, 特定/一般 ,--,45,22599,--,--,2023/10/26,100
2023/10/23,ｅＭＡＸＩＳ　Ｓｌｉｍ　全世界株式（オール・カントリー）,,,投信金額買付,--, 特定/一般 ,--,52,19415,--,--,2023/10/27,100
2023/10/23,たわらノーロード　全世界株式,,,投信金額買付,--, 特定/一般 ,--,55,18098,--,--,2023/10/27,100
2023/10/30,神戸物産,3038,--,株式現物買,--, 特定 ,--,1,3667,--,--,2023/11/1,3667
2023/10/31,アステナホールディングス,8095,--,株式現物買,--, 特定 ,--,1,529,--,--,2023/11/2,529
2023/11/1,アステナホールディングス,8095,--,株式現物売,--, 特定 ,申告,1,542,--,--,2023/11/6,542
2023/11/8,サカタのタネ,1377,--,株式現物買,--, 特定 ,--,1,4000,--,--,2023/11/10,4000
2023/11/13,ビーアールホールディングス,1726,--,株式現物売,--, 特定 ,申告,1,346,--,--,2023/11/15,346
2023/11/13,ＣＩＪ,4826,--,株式現物買,--, 特定 ,--,1,603,--,--,2023/11/15,603
2023/11/28,キユーピー,2809,--,株式現物買,--, 特定 ,--,1,2580,--,--,2023/11/30,2580
2023/11/28,帝国繊維,3302,--,株式現物買,--, 特定 ,--,1,1979,--,--,2023/11/30,1979
2023/11/28,ジャパンクラフトホールディングス,7135,--,株式現物買,--, 特定 ,--,1,180,--,--,2023/11/30,180
2023/11/28,インターアクション,7725,--,株式現物買,--, 特定 ,--,1,1006,--,--,2023/11/30,1006
2023/11/29,ポーラ・オルビスホールディングス,4927,--,株式現物買,--, 特定 ,--,1,1569,--,--,2023/12/1,1569
2023/11/29,東海カーボン,5301,--,株式現物買,--, 特定 ,--,1,1100,--,--,2023/12/1,1100
2023/11/30,アシックス,7936,--,株式現物買,--, 特定 ,--,1,5238,--,--,2023/12/4,5238
2023/12/4,カゴメ,2811,--,株式現物買,--, 特定 ,--,1,3168,--,--,2023/12/6,3168
2023/12/4,ユニオンツール,6278,--,株式現物買,--, 特定 ,--,1,3415,--,--,2023/12/6,3415
2023/12/5,ｅＭＡＸＩＳ　Ｓｌｉｍ　米国株式（Ｓ＆Ｐ５００）,,,投信金額買付,--, 特定/一般 ,--,42,24048,--,--,2023/12/8,100
2023/12/7,ヤマハ発動機,7272,--,株式現物買,--, 特定 ,--,1,3858,--,--,2023/12/11,3858
2023/12/7,千趣会,8165,--,株式現物買,--, 特定 ,--,1,386,--,--,2023/12/11,386
2023/12/11,システム情報,3677,--,株式現物売,--, 特定 ,申告,1,927,--,--,2023/12/13,927
2023/12/12,スノーピーク,7816,--,株式現物買,--, 特定 ,--,1,870,--,--,2023/12/14,870
2023/12/20,日本マクドナルドホールディングス,2702,--,株式現物買,--, 特定 ,--,1,6070,--,--,2023/12/22,6070
2023/12/28,福田組,1899,--,株式現物買,--, 特定 ,--,1,5030,--,--,2024/1/4,5030
2024/1/9,モロゾフ,2217,--,株式現物買,--, 特定 ,--,1,3850,--,--,2024/1/11,3850
2024/1/9,ダイドーグループホールディングス,2590,--,株式現物買,--, 特定 ,--,1,5930,--,--,2024/1/11,5930
2024/1/12,ヤマハ発動機,7272,--,株式現物売,--, 特定 ,申告,2,1347,--,--,2024/1/16,2694
2024/1/22,日本Ｍ＆Ａセンターホールディングス,2127,--,株式現物買,--, 特定 ,--,1,746.6,--,--,2024/1/24,746
2024/1/22,森永製菓,2201,--,株式現物買,--, 特定 ,--,1,2678,--,--,2024/1/24,2678
2024/1/22,ニチバン,4218,--,株式現物買,--, 特定 ,--,1,1757,--,--,2024/1/24,1757
2024/1/22,プロネクサス,7893,--,株式現物買,--, 特定 ,--,1,1309,--,--,2024/1/24,1309
2024/1/23,ダイドーグループホールディングス,2590,--,株式現物売,--, 特定 ,申告,1,2966,--,--,2024/1/25,2966
2024/1/24,ＪＭホールディングス,3539,--,株式現物買,--, 特定 ,--,1,2271,--,--,2024/1/26,2271
2024/1/26,ビックカメラ,3048,--,株式現物買,--, 特定 ,--,1,1377,--,--,2024/1/30,1377
2024/1/26,ＤＣＭホールディングス,3050,--,株式現物買,--, 特定 ,--,1,1361,--,--,2024/1/30,1361
2024/1/26,クリエイト・レストランツ・ホールディングス,3387,--,株式現物買,--, 特定 ,--,1,1100,--,--,2024/1/30,1100
2024/1/29,日本電信電話,9432,--,株式現物買,--, 特定 ,--,1,183.4,--,--,2024/1/31,183
2024/1/30,ラストワンマイル,9252,--,株式現物売,--, 特定 ,申告,1,3615,--,--,2024/2/1,3615
2024/1/30,ラストワンマイル,9252,--,株式現物買,--, 特定 ,--,1,3760,--,--,2024/2/1,3760
2024/1/31,日本Ｍ＆Ａセンターホールディングス,2127,--,株式現物売,--, 特定 ,申告,1,892.1,--,--,2024/2/2,893
2024/1/31,シュッピン,3179,--,株式現物買,--, 特定 ,--,1,1052,--,--,2024/2/2,1052
2024/2/2,エディオン,2730,--,株式現物買,--, 特定 ,--,1,1643,--,--,2024/2/6,1643
2024/2/2,ｅＭＡＸＩＳ　Ｓｌｉｍ　米国株式（Ｓ＆Ｐ５００）,,,投信金額買付,--, NISA(つ) ,--,195,25741,--,--,2024/2/7,500
2024/2/2,ｅＭＡＸＩＳ　Ｓｌｉｍ　全世界株式（オール・カントリー）,,,投信金額買付,--, NISA(つ) ,--,229,21849,--,--,2024/2/8,500
2024/2/5,ソースネクスト,4344,--,株式現物買,--, 特定 ,--,1,148,--,--,2024/2/7,148
2024/2/5,早稲田アカデミー,4718,--,株式現物買,--, 特定 ,--,1,1702,--,--,2024/2/7,1702
2024/2/5,リンガーハット,8200,--,株式現物買,--, 特定 ,--,1,2436,--,--,2024/2/7,2436
2024/2/5,イオンディライト,9787,--,株式現物買,--, 特定 ,--,1,3800,--,--,2024/2/7,3800
2024/2/6,トレジャー・ファクトリー,3093,東証,株式現物買,--, 特定 ,--,100,1374,--,--,2024/2/8,137400
2024/2/6,瑞光,6279,東証,株式現物買,--, 特定 ,--,100,1835,--,--,2024/2/8,183500
2024/2/6,トレジャー・ファクトリー,3093,東証,信用新規売,6ヶ月, 特定 ,--,100,1374,--,--,2024/2/8,--
2024/2/6,瑞光,6279,東証,信用新規売,15日, 特定 ,--,100,1835,--,--,2024/2/8,--
2024/2/13,イオンディライト,9787,--,株式現物売,--, 特定 ,申告,1,3590,--,--,2024/2/15,3590
2024/2/13,トレジャー・ファクトリー,3093,--,現渡,6ヶ月, 特定 ,申告,100,1374,68,--,2024/2/15,137332
2024/2/16,すかいらーくホールディングス,3197,--,株式現物買,--, 特定 ,--,1,2127,--,--,2024/2/20,2127
2024/2/16,トリドールホールディングス,3397,--,株式現物買,--, 特定 ,--,1,4169,--,--,2024/2/20,4169
2024/2/16,西松屋チェーン,7545,--,株式現物買,--, 特定 ,--,1,2159,--,--,2024/2/20,2159
2024/2/19,ヤーマン,6630,--,株式現物買,--, 特定 ,--,1,1004,--,--,2024/2/21,1004
2024/2/19,日神グループホールディングス,8881,--,株式現物買,--, 特定 ,--,1,498,--,--,2024/2/21,498
2024/2/19,瑞光,6279,--,現渡,15日, 特定 ,申告,100,1835,274,--,2024/2/21,183226
2024/2/26,ワールド,3612,--,株式現物買,--, 特定 ,--,1,1968,--,--,2024/2/28,1968
2024/2/26,イオンモール,8905,--,株式現物買,--, 特定 ,--,1,1836.5,--,--,2024/2/28,1836
2024/2/26,イオンディライト,9787,--,株式現物買,--, 特定 ,--,1,3530,--,--,2024/2/28,3530
2024/2/27,ラストワンマイル,9252,--,株式現物買,--, 特定 ,--,1,3485,--,--,2024/2/29,3485
2024/2/28,ｅＭＡＸＩＳ　Ｓｌｉｍ　米国株式（Ｓ＆Ｐ５００）,,,投信金額買付,--, NISA(つ) ,--,1773,27403,--,--,2024/3/4,4858
2024/2/28,ｅＭＡＸＩＳ　Ｓｌｉｍ　米国株式（Ｓ＆Ｐ５００）,,,投信金額買付,--, NISA(つ) ,--,3650,27403,--,--,2024/3/4,10000
2024/2/28,ｅＭＡＸＩＳ　Ｓｌｉｍ　米国株式（Ｓ＆Ｐ５００）,,,投信金額買付,--, NISA(成) ,--,2190,27403,--,--,2024/3/4,6000
2024/3/1,三菱ロジスネクスト,7105,--,株式現物買,--, 特定 ,--,1,1650,--,--,2024/3/5,1650
2024/3/1,ヨロズ,7294,--,株式現物買,--, 特定 ,--,1,945,--,--,2024/3/5,945
2024/3/4,オイレス工業,6282,--,株式現物買,--, 特定 ,--,1,2097,--,--,2024/3/6,2097
2024/3/5,プロシップ,3763,--,株式現物買,--, 特定 ,--,1,1466,--,--,2024/3/7,1466
2024/3/5,エイチワン,5989,--,株式現物買,--, 特定 ,--,1,676,--,--,2024/3/7,676
2024/3/5,ウィルグループ,6089,--,株式現物買,--, 特定 ,--,1,1118,--,--,2024/3/7,1118
2024/3/7,ラストワンマイル,9252,--,株式現物売,--, 特定 ,申告,1,3220,--,--,2024/3/11,3220
2024/3/8,ダイコク電機,6430,--,株式現物買,--, 特定 ,--,1,3990,--,--,2024/3/12,3990
2024/3/8,ビジネスブレイン太田昭和,9658,--,株式現物買,--, 特定 ,--,1,2238,--,--,2024/3/12,2238
2024/3/11,モスフードサービス,8153,--,株式現物買,--, 特定 ,--,1,3510,--,--,2024/3/13,3510
2024/3/13,広島ガス,9535,--,株式現物買,--, 特定 ,--,1,387,--,--,2024/3/15,387
2024/3/14,アルビス,7475,--,株式現物買,--, 特定 ,--,1,2673,--,--,2024/3/18,2673
2024/3/14,カナデン,8081,--,株式現物買,--, 一般 ,--,1,1501,--,--,2024/3/18,1501
2024/3/19,カナデン,8081,--,株式現物売,--, 一般 ,申告,1,1523,--,--,2024/3/22,1523
2024/3/19,アルコニックス,3036,--,株式現物買,--, 特定 ,--,1,1450,--,--,2024/3/22,1450
2024/3/19,フジシールインターナショナル,7864,--,株式現物買,--, 特定 ,--,1,1960,--,--,2024/3/22,1960
2024/3/19,カナデン,8081,--,株式現物買,--, 特定 ,--,1,1523,--,--,2024/3/22,1523
2024/3/19,リコーリース,8566,--,株式現物買,--, 特定 ,--,1,5400,--,--,2024/3/22,5400
2024/3/19,ゼンリン,9474,--,株式現物買,--, 特定 ,--,1,858,--,--,2024/3/22,858
2024/3/21,高松コンストラクショングループ,1762,--,株式現物買,--, 特定 ,--,1,2930,--,--,2024/3/25,2930
2024/3/21,ダイキョーニシカワ,4246,--,株式現物買,--, 特定 ,--,1,791,--,--,2024/3/25,791
2024/3/21,理研ビタミン,4526,--,株式現物買,--, 特定 ,--,1,2576,--,--,2024/3/25,2576
2024/3/21,小林洋行,8742,--,株式現物買,--, 特定 ,--,1,361,--,--,2024/3/25,361
2024/3/22,リコーリース,8566,--,株式現物売,--, 特定 ,申告,1,5550,--,--,2024/3/26,5550
2024/3/22,ｅＢＡＳＥ,3835,--,株式現物買,--, 特定 ,--,1,762,--,--,2024/3/26,762
2024/3/22,ユニプレス,5949,--,株式現物買,--, 特定 ,--,1,1197,--,--,2024/3/26,1197
2024/3/22,スクロール,8005,--,株式現物買,--, 特定 ,--,1,992,--,--,2024/3/26,992
2024/3/22,カナデン,8081,--,株式現物買,--, 特定 ,--,1,1555,--,--,2024/3/26,1555
2024/3/22,ＫＤＤＩ,9433,--,株式現物買,--, 特定 ,--,1,4540,--,--,2024/3/26,4540
2024/3/22,沖縄セルラー電話,9436,--,株式現物買,--, 特定 ,--,1,3655,--,--,2024/3/26,3655
2024/3/25,まんだらけ,2652,--,株式現物買,--, 特定 ,--,1,2825,--,--,2024/3/27,2825
2024/3/25,ニチバン,4218,--,株式現物買,--, 特定 ,--,1,1952,--,--,2024/3/27,1952
2024/3/25,ぴあ,4337,--,株式現物買,--, 特定 ,--,1,3310,--,--,2024/3/27,3310
2024/3/25,ツツミ,7937,--,株式現物買,--, 特定 ,--,1,2163,--,--,2024/3/27,2163
2024/3/26,プロクレアホールディングス,7384,--,株式現物買,--, 特定 ,--,1,1935,--,--,2024/3/28,1935
2024/3/27,ダスキン,4665,--,株式現物買,--, 特定 ,--,1,3378,--,--,2024/3/29,3378
2024/3/27,ラウンドワン,4680,東証,株式現物買,--, 特定 ,--,300,790,--,--,2024/3/29,237000
2024/3/27,ツツミ,7937,東証,株式現物買,--, 特定 ,--,100,2130,--,--,2024/3/29,213000
2024/3/27,ラウンドワン,4680,東証,信用新規売,15日, 特定 ,--,300,790,--,--,2024/3/29,--
2024/3/27,ツツミ,7937,東証,信用新規売,15日, 特定 ,--,100,2130,--,--,2024/3/29,--
2024/3/28,小林製薬,4967,東証,株式現物売,--, 一般 ,申告,100,4866,--,--,2024/4/1,486600
2024/3/28,モスフードサービス,8153,--,株式現物売,--, 一般 ,申告,1,3460,--,--,2024/4/1,3460
2024/3/28,小林製薬,4967,東証,株式現物買,--, 一般 ,--,100,4871,--,--,2024/4/1,487100
2024/3/28,モスフードサービス,8153,--,株式現物買,--, 一般 ,--,1,3445,--,--,2024/4/1,3445
2024/3/28,ラウンドワン,4680,--,現渡,15日, 特定 ,申告,300,790,101,--,2024/4/1,236899
2024/3/28,ツツミ,7937,--,現渡,15日, 特定 ,申告,100,2130,91,--,2024/4/1,212909
2024/3/28,ＮＥＸＴ　ＦＵＮＤＳ　日経２２５連動型上場投信,1321,東証,株式現物売,--, 一般 ,申告,1,42040,--,--,2024/4/1,42040
2024/3/28,上場インデックスファンド２２５,1330,東証,株式現物売,--, 一般 ,申告,1,42010,--,--,2024/4/1,42010
2024/3/28,上場インデックスファンド日経レバレッジ指数,1358,東証,株式現物売,--, 特定 ,申告,1,56680,--,--,2024/4/1,56680
2024/3/28,ｉＦｒｅｅＥＴＦ　日経平均レバレッジ・インデックス,1365,東証,株式現物売,--, 特定 ,申告,1,47430,--,--,2024/4/1,47430
2024/3/28,楽天ＥＴＦ－日経レバレッジ指数連動型,1458,東証,株式現物売,--, 一般 ,申告,1,36130,--,--,2024/4/1,36130
2024/3/28,ＮＥＸＴ　ＦＵＮＤＳ　日経平均レバレッジ・インデックス連動型,1570,東証,株式現物売,--, 一般 ,申告,1,30560,--,--,2024/4/1,30560
2024/3/28,ＮＥＸＴ　ＦＵＮＤＳ　日経２２５連動型上場投信,1321,東証,株式現物買,--, 一般 ,--,1,42070,--,--,2024/4/1,42070
2024/3/28,上場インデックスファンド２２５,1330,東証,株式現物買,--, 一般 ,--,1,42040,--,--,2024/4/1,42040
2024/3/28,上場インデックスファンド日経レバレッジ指数,1358,東証,株式現物買,--, 特定 ,--,1,56690,--,--,2024/4/1,56690
2024/3/28,ｉＦｒｅｅＥＴＦ　日経平均レバレッジ・インデックス,1365,東証,株式現物買,--, 特定 ,--,1,47440,--,--,2024/4/1,47440
2024/3/28,楽天ＥＴＦ－日経レバレッジ指数連動型,1458,東証,株式現物買,--, 一般 ,--,1,36150,--,--,2024/4/1,36150
2024/3/28,ＮＥＸＴ　ＦＵＮＤＳ　日経平均レバレッジ・インデックス連動型,1570,東証,株式現物買,--, 一般 ,--,1,30590,--,--,2024/4/1,30590
2024/4/5,ニチバン,4218,--,株式現物売,--, 特定 ,申告,1,1958,--,--,2024/4/9,1958
2024/4/5,カナデン,8081,--,株式現物売,--, 特定 ,申告,1,1467,--,--,2024/4/9,1467
2024/4/8,ロック・フィールド,2910,--,株式現物買,--, 特定 ,--,1,1675,--,--,2024/4/10,1675
2024/4/8,コーア商事ホールディングス,9273,--,株式現物買,--, 特定 ,--,1,856,--,--,2024/4/10,856
2024/4/10,ツツミ,7937,--,株式現物売,--, 特定 ,申告,1,2064,--,--,2024/4/12,2064
2024/4/12,ビューティガレージ,3180,--,株式現物買,--, 特定 ,--,1,1995,--,--,2024/4/16,1995
2024/4/25,ファースト住建,8917,--,株式現物買,--, 特定 ,--,1,1093,--,--,2024/4/30,1093
2024/5/7,ハニーズホールディングス,2792,--,株式現物買,--, 特定 ,--,1,1718,--,--,2024/5/9,1718
2024/5/8,ツルハホールディングス,3391,東証,株式現物買,--, 特定 ,--,100,10000,--,--,2024/5/10,1000000
2024/5/8,ツルハホールディングス,3391,東証,信用新規売,15日, 特定 ,--,100,10000,--,--,2024/5/10,--
2024/5/13,まんだらけ,2652,--,株式現物売,--, 特定 ,申告,4,520,--,--,2024/5/15,2080
2024/5/13,ヴィレッジヴァンガードコーポレーション,2769,--,株式現物買,--, 特定 ,--,1,1066,--,--,2024/5/15,1066
2024/5/13,ラクト・ジャパン,3139,--,株式現物買,--, 特定 ,--,1,2699,--,--,2024/5/15,2699
2024/5/13,トーセイ,8923,--,株式現物買,--, 特定 ,--,1,2357,--,--,2024/5/15,2357
2024/5/13,キユーソー流通システム,9369,--,株式現物買,--, 特定 ,--,1,1203,--,--,2024/5/15,1203
2024/5/14,ツルハホールディングス,3391,--,現渡,15日, 特定 ,申告,100,10000,747,--,2024/5/16,999253
2024/5/17,ｅＢＡＳＥ,3835,--,株式現物売,--, 特定 ,申告,1,691,--,--,2024/5/21,691
2024/5/17,日本毛織,3201,--,株式現物買,--, 特定 ,--,1,1336,--,--,2024/5/21,1336
2024/5/29,ＦＰパートナー,7388,東証,信用新規売,15日, 特定 ,--,100,4065,--,--,2024/5/31,--
2024/5/30,ＦＰパートナー,7388,東証,信用返済買,15日, 特定 ,申告,100,3950,173,--,2024/6/3,11327
2024/6/3,ＣＡＲＴＡ　ＨＯＬＤＩＮＧＳ,3688,--,株式現物買,--, 特定 ,--,1,1663,--,--,2024/6/5,1663
2024/6/6,メディアスホールディングス,3154,東証,信用新規売,6ヶ月, 特定 ,--,400,958,--,--,2024/6/10,--
2024/6/6,メディアスホールディングス,3154,東証,信用返済買,6ヶ月, 特定 ,申告,400,970,11,--,2024/6/10,-4811
2024/6/17,博展,2173,--,株式現物買,--, 特定 ,--,1,495,--,--,2024/6/19,495
2024/6/21,サカタインクス,4633,--,株式現物買,--, 特定 ,--,1,1795,--,--,2024/6/25,1795
2024/6/21,東京都競馬,9672,--,株式現物買,--, 特定 ,--,1,4015,--,--,2024/6/25,4015
2024/6/24,テー・オー・ダブリュー,4767,--,株式現物買,--, 特定 ,--,1,359,--,--,2024/6/26,359
2024/6/25,カゴメ,2811,東証,株式現物買,--, 特定 ,--,100,3282,--,--,2024/6/27,328200
2024/6/25,片倉工業,3001,--,株式現物買,--, 特定 ,--,1,2154,--,--,2024/6/27,2154
2024/6/25,ＭｏｎｏｔａＲＯ,3064,--,株式現物買,--, 特定 ,--,1,1791,--,--,2024/6/27,1791
2024/6/25,ビジネスエンジニアリング,4828,東証,株式現物買,--, 特定 ,--,100,3670,--,--,2024/6/27,367000
2024/6/25,カゴメ,2811,東証,信用新規売,15日, 特定 ,--,100,3282,--,--,2024/6/27,--
2024/6/25,ビジネスエンジニアリング,4828,東証,信用新規売,15日, 特定 ,--,100,3670,--,--,2024/6/27,--
2024/6/27,カゴメ,2811,--,現渡,15日, 特定 ,申告,100,3282,175,--,2024/7/1,328025
2024/6/27,ビジネスエンジニアリング,4828,--,現渡,15日, 特定 ,申告,100,3670,196,--,2024/7/1,366804
2024/8/2,フジッコ,2908,--,株式現物買,--, 特定 ,--,1,1795,--,--,2024/8/6,1795
2024/8/2,ＴＳＩホールディングス,3608,--,株式現物買,--, 特定 ,--,1,825,--,--,2024/8/6,825
2024/8/2,テイ・エス　テック,7313,--,株式現物買,--, 特定 ,--,1,1869,--,--,2024/8/6,1869
2024/8/2,進和,7607,--,株式現物買,--, 特定 ,--,1,2452,--,--,2024/8/6,2452
2024/8/2,マニー,7730,--,株式現物買,--, 特定 ,--,1,1964.5,--,--,2024/8/6,1964
2024/8/5,セブン＆アイ・ホールディングス,3382,--,株式現物買,--, 特定 ,--,1,1726.5,--,--,2024/8/7,1726
2024/8/5,ＡＶＡＮＴＩＡ,8904,--,株式現物買,--, 特定 ,--,1,820,--,--,2024/8/7,820
2024/8/26,Ｊ．フロント　リテイリング,3086,--,株式現物買,--, 特定 ,--,1,1468,--,--,2024/8/28,1468
2024/8/26,フロイント産業,6312,--,株式現物買,--, 特定 ,--,1,784,--,--,2024/8/28,784
2024/8/28,日本ファルコム,3723,--,株式現物買,--, 特定 ,--,1,1224,--,--,2024/8/30,1224
2024/9/2,アステリア,3853,--,株式現物買,--, 特定 ,--,1,546,--,--,2024/9/4,546
2024/9/9,極楽湯ホールディングス,2340,--,株式現物買,--, 特定 ,--,1,404,--,--,2024/9/11,404
2024/9/24,アシックス,7936,--,株式現物売,--, 特定 ,申告,4,2985,--,--,2024/9/26,11940
2024/9/26,亀田製菓,2220,東証,株式現物買,--, 特定 ,--,100,4445,--,--,2024/9/30,444500
2024/9/26,アドソル日進,3837,--,株式現物買,--, 特定 ,--,1,1791,--,--,2024/9/30,1791
2024/9/26,上新電機,8173,--,株式現物買,--, 特定 ,--,1,2786,--,--,2024/9/30,2786
2024/9/26,エイチ・ツー・オー　リテイリング,8242,東証,株式現物買,--, 特定 ,--,100,2239,--,--,2024/9/30,223900
2024/9/26,亀田製菓,2220,東証,信用新規売,15日, 特定 ,--,100,4445,--,--,2024/9/30,--
2024/9/26,エイチ・ツー・オー　リテイリング,8242,東証,信用新規売,15日, 特定 ,--,100,2239,--,--,2024/9/30,--
2024/9/27,上新電機,8173,--,株式現物売,--, 特定 ,申告,1,2797,--,--,2024/10/1,2797
2024/9/27,亀田製菓,2220,--,現渡,15日, 特定 ,申告,100,4445,94,--,2024/10/1,444406
2024/9/27,エイチ・ツー・オー　リテイリング,8242,--,現渡,15日, 特定 ,申告,100,2239,47,--,2024/10/1,223853
2024/10/1,オロ,3983,--,株式現物買,--, 特定 ,--,1,2586,--,--,2024/10/3,2586
2024/10/1,ギフトホールディングス,9279,--,株式現物買,--, 特定 ,--,1,2814,--,--,2024/10/3,2814
2024/10/18,東京地下鉄,9023,--,株式現物買(募集),--, 特定 ,--,100,1200,--,--,2024/10/21,120000
2024/10/23,日本ファルコム,3723,--,株式現物売,--, 特定 ,申告,1,1074,--,--,2024/10/25,1074
2024/10/23,東京地下鉄,9023,東証,株式現物売,--, 特定 ,申告,100,1630,--,--,2024/10/25,163000
2024/11/25,サーラコーポレーション,2734,--,株式現物買,--, 特定 ,--,1,800,--,--,2024/11/27,800
2024/12/9,楽天グループ,4755,--,株式現物買,--, 特定 ,--,1,892.9,--,--,2024/12/11,892
2024/12/9,マブチモーター,6592,--,株式現物買,--, 特定 ,--,1,2218,--,--,2024/12/11,2218
2024/12/9,立川ブラインド工業,7989,--,株式現物買,--, 特定 ,--,1,1384,--,--,2024/12/11,1384
2024/12/9,ルックホールディングス,8029,東証,株式現物買,--, 特定 ,--,100,2538,--,--,2024/12/11,253800
2024/12/9,ルックホールディングス,8029,東証,信用新規売,15日, 特定 ,--,100,2538,--,--,2024/12/11,--
2024/12/13,ルックホールディングス,8029,--,現渡,15日, 特定 ,申告,100,2538,189,--,2024/12/17,253611
2024/12/20,サカタのタネ,1377,--,株式現物売,--, 特定 ,申告,1,3415,--,--,2024/12/24,3415
2024/12/20,カゴメ,2811,--,株式現物売,--, 特定 ,申告,1,2948.5,--,--,2024/12/24,2949
2024/12/20,ビューティガレージ,3180,--,株式現物売,--, 特定 ,申告,1,1323,--,--,2024/12/24,1323
2024/12/20,トリドールホールディングス,3397,--,株式現物売,--, 特定 ,申告,1,3896,--,--,2024/12/24,3896
2024/12/20,ＣＡＲＴＡ　ＨＯＬＤＩＮＧＳ,3688,--,株式現物売,--, 特定 ,申告,1,1403,--,--,2024/12/24,1403
2024/12/20,オロ,3983,--,株式現物売,--, 特定 ,申告,1,2405,--,--,2024/12/24,2405
2024/12/20,ダイコク電機,6430,--,株式現物売,--, 特定 ,申告,1,2880,--,--,2024/12/24,2880
2024/12/23,片倉工業,3001,--,株式現物売,--, 特定 ,申告,1,1874,--,--,2024/12/25,1874
2024/12/23,ポーラ・オルビスホールディングス,4927,--,株式現物売,--, 特定 ,申告,1,1470,--,--,2024/12/25,1470
2024/12/23,東海カーボン,5301,--,株式現物売,--, 特定 ,申告,1,877,--,--,2024/12/25,877
2024/12/23,リンガーハット,8200,--,株式現物売,--, 特定 ,申告,1,2169,--,--,2024/12/25,2169
2024/12/23,サカタのタネ,1377,--,株式現物買,--, 特定 ,--,1,3410,--,--,2024/12/25,3410
2024/12/23,カゴメ,2811,--,株式現物買,--, 特定 ,--,1,2937,--,--,2024/12/25,2937
2024/12/23,ビューティガレージ,3180,--,株式現物買,--, 特定 ,--,1,1309,--,--,2024/12/25,1309
2024/12/23,トリドールホールディングス,3397,--,株式現物買,--, 特定 ,--,1,3901,--,--,2024/12/25,3901
2024/12/23,オロ,3983,--,株式現物買,--, 特定 ,--,1,2405,--,--,2024/12/25,2405
2024/12/23,ダイコク電機,6430,--,株式現物買,--, 特定 ,--,1,2840,--,--,2024/12/25,2840
2024/12/24,ポーラ・オルビスホールディングス,4927,--,株式現物買,--, 特定 ,--,1,1454,--,--,2024/12/26,1454
2024/12/24,東海カーボン,5301,--,株式現物買,--, 特定 ,--,1,882.2,--,--,2024/12/26,882
2024/12/24,リンガーハット,8200,--,株式現物買,--, 特定 ,--,1,2155,--,--,2024/12/26,2155
2024/12/25,セルシス,3663,東証,株式現物買,--, 一般 ,--,100,1341,--,--,2024/12/27,134100
2024/12/25,セルシス,3663,東証,信用新規売,15日, 特定 ,--,100,1341,--,--,2024/12/27,--
2024/12/26,イーエムシステムズ,4820,--,株式現物買,--, 特定 ,--,1,775,--,--,2024/12/30,775
2024/12/26,ライオン,4912,--,株式現物買,--, 特定 ,--,1,1773,--,--,2024/12/30,1773
2024/12/26,ＯＡＴアグリオ,4979,東証,株式現物買,--, 特定 ,--,100,1982,--,--,2024/12/30,198200
2024/12/26,ＯＡＴアグリオ,4979,--,株式現物買,--, 特定 ,--,1,1963,--,--,2024/12/30,1963
2024/12/26,藤田観光,9722,東証,株式現物買,--, 特定 ,--,100,7830,--,--,2024/12/30,783000
2024/12/26,ＯＡＴアグリオ,4979,東証,信用新規売,15日, 特定 ,--,100,1982,--,--,2024/12/30,--
2024/12/26,藤田観光,9722,東証,信用新規売,15日, 特定 ,--,100,7830,--,--,2024/12/30,--
2024/12/27,セルシス,3663,東証,株式現物売,--, 一般 ,申告,100,1345,--,--,2025/1/6,134500
2024/12/27,ＯＡＴアグリオ,4979,--,現渡,15日, 特定 ,申告,100,1982,169,--,2025/1/6,198031
2024/12/27,藤田観光,9722,--,現渡,15日, 特定 ,申告,100,7830,669,--,2025/1/6,782331
2024/12/27,セルシス,3663,東証,信用返済買,15日, 特定 ,申告,100,1345,157,--,2025/1/6,-557
2025/1/14,ＴＯＫＹＯ　ＢＡＳＥ,3415,--,株式現物買,--, 特定 ,--,1,338,--,--,2025/1/16,338
2025/1/31,モロゾフ,2217,--,株式現物売,--, 特定 ,申告,2,1607,--,--,2025/2/4,3214
2025/2/3,ＭｏｎｏｔａＲＯ,3064,--,株式現物売,--, 特定 ,申告,1,2559.5,--,--,2025/2/5,2560
2025/2/4,ｅＭＡＸＩＳ　Ｓｌｉｍ　米国株式（Ｓ＆Ｐ５００）,,,投信金額買付,--, NISA(つ) ,--,297,33730,--,--,2025/2/7,1000
2025/2/7,ラックランド,9612,東証,株式現物買,--, 特定 ,--,100,1839,--,--,2025/2/12,183900
2025/2/7,ラックランド,9612,東証,信用新規売,15日, 特定 ,--,100,1839,--,--,2025/2/12,--
2025/2/13,瑞光,6279,東証,株式現物買,--, 特定 ,--,100,1329,--,--,2025/2/17,132900
2025/2/13,瑞光,6279,東証,信用新規売,15日, 特定 ,--,100,1329,--,--,2025/2/17,--
2025/2/19,バロックジャパンリミテッド,3548,東証,株式現物買,--, 特定 ,--,100,771,--,--,2025/2/21,77100
2025/2/19,大庄,9979,東証,株式現物買,--, 特定 ,--,100,1090,--,--,2025/2/21,109000
2025/2/19,バロックジャパンリミテッド,3548,東証,信用新規売,15日, 特定 ,--,100,771,--,--,2025/2/21,--
2025/2/19,大庄,9979,東証,信用新規売,15日, 特定 ,--,100,1090,--,--,2025/2/21,--
2025/2/19,瑞光,6279,--,現渡,15日, 特定 ,申告,100,1329,71,--,2025/2/21,132829
2025/2/21,オンワードホールディングス,8016,--,株式現物買,--, 特定 ,--,1,555,--,--,2025/2/26,555
2025/2/26,トレジャー・ファクトリー,3093,東証,株式現物買,--, 特定 ,--,100,1504,--,--,2025/2/28,150400
2025/2/26,トレジャー・ファクトリー,3093,東証,信用新規売,15日, 特定 ,--,100,1504,--,--,2025/2/28,--
2025/2/27,トレジャー・ファクトリー,3093,--,現渡,15日, 特定 ,申告,100,1504,64,--,2025/3/3,150336
2025/2/27,バロックジャパンリミテッド,3548,--,現渡,15日, 特定 ,申告,100,771,90,--,2025/3/3,77010
2025/2/27,ラックランド,9612,--,現渡,15日, 特定 ,申告,100,1839,392,--,2025/3/3,183508
2025/2/27,大庄,9979,--,現渡,15日, 特定 ,申告,100,1090,128,--,2025/3/3,108872
2025/3/4,ｅＭＡＸＩＳ　Ｓｌｉｍ　米国株式（Ｓ＆Ｐ５００）,,,投信金額買付,--, NISA(つ) ,--,316,31656,--,--,2025/3/7,1000
2025/3/17,ＪＰホールディングス,2749,--,株式現物買,--, 特定 ,--,1,683,--,--,2025/3/19,683
2025/3/17,ホギメディカル,3593,--,株式現物買,--, 特定 ,--,1,4840,--,--,2025/3/19,4840
2025/3/17,メニコン,7780,--,株式現物買,--, 特定 ,--,1,1317,--,--,2025/3/19,1317
2025/3/17,上新電機,8173,--,株式現物買,--, 特定 ,--,1,2216,--,--,2025/3/19,2216
2025/3/21,イエローハット,9882,--,株式現物買,--, 特定 ,--,1,2750,--,--,2025/3/25,2750
2025/3/25,イオンモール,8905,--,株式現物売,--, 特定 ,申告,1,2358,--,--,2025/3/27,2358
2025/3/25,イオンディライト,9787,--,株式現物売,--, 特定 ,申告,1,5380,--,--,2025/3/27,5380
2025/3/26,ソフトバンク,9434,--,株式現物買,--, 特定 ,--,1,216.6,--,--,2025/3/28,216
2025/3/27,コタ,4923,東証,株式現物買,--, 特定 ,--,100,1417,--,--,2025/3/31,141700
2025/3/27,三菱ロジスネクスト,7105,東証,株式現物買,--, 特定 ,--,100,2162,--,--,2025/3/31,216200
2025/3/27,コタ,4923,東証,信用新規売,15日, 特定 ,--,100,1417,--,--,2025/3/31,--
2025/3/27,三菱ロジスネクスト,7105,東証,信用新規売,15日, 特定 ,--,100,2162,--,--,2025/3/31,--
2025/3/28,コタ,4923,--,現渡,15日, 特定 ,申告,100,1417,30,--,2025/4/1,141670
2025/3/28,三菱ロジスネクスト,7105,--,現渡,15日, 特定 ,申告,100,2162,46,--,2025/4/1,216154
2025/4/4,ｅＭＡＸＩＳ　Ｓｌｉｍ　米国株式（Ｓ＆Ｐ５００）,,,投信金額買付,--, NISA(つ) ,--,350,28603,--,--,2025/4/9,1000
2025/4/7,アドソル日進,3837,--,株式現物売,--, 特定 ,申告,1,868,--,--,2025/4/9,868
2025/4/7,ＫＤＤＩ,9433,--,株式現物売,--, 特定 ,申告,1,2282.5,--,--,2025/4/9,2283
2025/4/7,正栄食品工業,8079,東証,株式現物買,--, 特定 ,--,100,3855,--,--,2025/4/9,385500
2025/4/7,正栄食品工業,8079,東証,信用新規売,15日, 特定 ,--,100,3855,--,--,2025/4/9,--
2025/4/16,ホギメディカル,3593,--,株式現物売,--, 特定 ,申告,1,4075,--,--,2025/4/18,4075
2025/4/16,上新電機,8173,--,株式現物売,--, 特定 ,申告,1,2125,--,--,2025/4/18,2125
2025/4/23,Ｈａｍｅｅ,3134,東証,株式現物買,--, 特定 ,--,100,1232,--,--,2025/4/25,123200
2025/4/23,Ｈａｍｅｅ,3134,東証,信用新規売,15日, 特定 ,--,100,1232,--,--,2025/4/25,--
2025/4/24,東建コーポレーション,1766,東証,株式現物買,--, 特定 ,--,100,13440,--,--,2025/4/28,1344000
2025/4/24,東建コーポレーション,1766,東証,信用新規売,15日, 特定 ,--,100,13440,--,--,2025/4/28,--
2025/4/25,ラクーンホールディングス,3031,--,株式現物買,--, 特定 ,--,1,842,--,--,2025/4/30,842
2025/4/28,正栄食品工業,8079,東証,株式現物売,--, 特定 ,申告,100,4195,--,--,2025/5/1,419500
2025/4/28,東建コーポレーション,1766,--,現渡,15日, 特定 ,申告,100,13440,574,--,2025/5/1,1343426
2025/4/28,Ｈａｍｅｅ,3134,--,現渡,15日, 特定 ,申告,100,1232,92,--,2025/5/1,123108
2025/4/28,正栄食品工業,8079,東証,信用返済買,15日, 特定 ,申告,100,4195,947,--,2025/5/1,-34947
2025/5/8,ｅＭＡＸＩＳ　Ｓｌｉｍ　米国株式（Ｓ＆Ｐ５００）,,,投信金額買付,--, NISA(つ) ,--,341,29376,--,--,2025/5/13,1000
2025/5/20,物語コーポレーション,3097,--,株式現物買,--, 特定 ,--,1,3585,--,--,2025/5/22,3585
2025/5/29,イエローハット,9882,--,株式現物売,--, 特定 ,申告,1,1500,--,--,2025/6/2,1500
2025/6/4,ｅＭＡＸＩＳ　Ｓｌｉｍ　米国株式（Ｓ＆Ｐ５００）,,,投信金額買付,--, NISA(つ) ,--,320,31258,--,--,2025/6/9,1000
2025/6/6,ペッパーフードサービス,3053,東証,株式現物買,--, 特定 ,--,500,213,--,--,2025/6/10,106500
2025/6/6,千趣会,8165,東証,株式現物買,--, 特定 ,--,100,264,--,--,2025/6/10,26400
2025/6/6,ペッパーフードサービス,3053,東証,信用新規売,15日, 特定 ,--,500,213,--,--,2025/6/10,--
2025/6/6,千趣会,8165,東証,信用新規売,15日, 特定 ,--,100,264,--,--,2025/6/10,--
2025/6/26,セルシス,3663,東証,株式現物買,--, 特定 ,--,200,1515,--,--,2025/6/30,303000
2025/6/26,ビジネスエンジニアリング,4828,東証,株式現物買,--, 特定 ,--,100,5220,--,--,2025/6/30,522000
2025/6/26,前澤化成工業,7925,東証,株式現物買,--, 特定 ,--,1000,1869,--,--,2025/6/30,1869000
2025/6/26,セルシス,3663,東証,信用新規売,15日, 特定 ,--,200,1515,--,--,2025/6/30,--
2025/6/26,ビジネスエンジニアリング,4828,東証,信用新規売,15日, 特定 ,--,100,5220,--,--,2025/6/30,--
2025/6/26,前澤化成工業,7925,東証,信用新規売,15日, 特定 ,--,1000,1869,--,--,2025/6/30,--
2025/6/27,ペッパーフードサービス,3053,東証,株式現物売,--, 特定 ,申告,500,207,--,--,2025/7/1,103500
2025/6/27,千趣会,8165,東証,株式現物売,--, 特定 ,申告,100,256,--,--,2025/7/1,25600
2025/6/27,セルシス,3663,--,現渡,15日, 特定 ,申告,200,1515,64,--,2025/7/1,302936
2025/6/27,ビジネスエンジニアリング,4828,--,現渡,15日, 特定 ,申告,100,5220,111,--,2025/7/1,521889
2025/6/27,前澤化成工業,7925,--,現渡,15日, 特定 ,申告,1000,1869,399,--,2025/7/1,1868601
2025/6/27,ペッパーフードサービス,3053,東証,信用返済買,15日, 特定 ,申告,500,207,250,--,2025/7/1,2750
2025/6/27,千趣会,8165,東証,信用返済買,15日, 特定 ,申告,100,256,62,--,2025/7/1,738
2025/7/4,ｅＭＡＸＩＳ　Ｓｌｉｍ　米国株式（Ｓ＆Ｐ５００）,,,投信金額買付,--, NISA(つ) ,--,303,33054,--,--,2025/7/9,1000
2025/7/8,アクシージア,4936,東証,株式現物買,--, 特定 ,--,1000,482,--,--,2025/7/10,482000
2025/7/8,アクシージア,4936,東証,信用新規売,15日, 特定 ,--,500,482,--,--,2025/7/10,--
2025/7/8,アクシージア,4936,東証,信用新規売,15日, 特定 ,--,500,482,--,--,2025/7/10,--
2025/7/9,ダブルエー,7683,東証,株式現物買,--, 特定 ,--,600,1365,--,--,2025/7/11,819000
2025/7/9,ダブルエー,7683,東証,信用新規売,15日, 特定 ,--,600,1365,--,--,2025/7/11,--
2025/7/14,アクシージア,4936,--,株式現物買,--, 特定 ,--,1,485,--,--,2025/7/16,485
2025/7/29,ＪＭホールディングス,3539,東証,株式現物買,--, 特定 ,--,500,2786,--,--,2025/7/31,1393000
2025/7/29,ＪＭホールディングス,3539,東証,信用新規売,15日, 特定 ,--,500,2786,--,--,2025/7/31,--
2025/7/30,アクシージア,4936,東証,株式現物売,--, 特定 ,申告,1000,457,--,--,2025/8/1,457000
2025/7/30,ＪＭホールディングス,3539,--,現渡,15日, 特定 ,申告,500,2786,297,--,2025/8/1,1392703
2025/7/30,ダブルエー,7683,--,現渡,15日, 特定 ,申告,600,1365,1925,--,2025/8/1,817075
2025/7/30,アクシージア,4936,東証,信用返済買,15日, 特定 ,申告,500,457,592,--,2025/8/1,11908
2025/7/30,アクシージア,4936,東証,信用返済買,15日, 特定 ,申告,500,457,592,--,2025/8/1,11908
2025/8/5,ｅＭＡＸＩＳ　Ｓｌｉｍ　米国株式（Ｓ＆Ｐ５００）,,,投信金額買付,--, NISA(つ) ,--,296,33877,--,--,2025/8/8,1000
2025/8/12,西松屋チェーン,7545,東証,株式現物買,--, 特定 ,--,400,2311,--,--,2025/8/14,924400
2025/8/12,西松屋チェーン,7545,東証,信用新規売,15日, 特定 ,--,400,2311,--,--,2025/8/14,--
2025/8/18,ウェルディッシュ,2901,--,株式現物買,--, 特定 ,--,1,631,--,--,2025/8/20,631
2025/8/19,西松屋チェーン,7545,--,現渡,15日, 特定 ,申告,400,2311,790,--,2025/8/21,923610
2025/8/22,アダストリア,2685,--,株式現物買,--, 特定 ,--,1,3060,--,--,2025/8/26,3060
