3038,1000,神戸物産10  1000 @@ 優待価値13500 !!!
3038,2000,神戸物産10  1000 @@ 優待価値18000 !!!
7856,100,萩原工業10　@@ !!!
8079,100,(AK 正栄10  P料高い。Eスマ済 持ち替え検討 @@　!!!
2301,0,学情10　@@
6309,0,巴10 -200 要空　@@
2910,0,ﾛｯｸﾌｨｰﾙﾄﾞ10 @@
9603,0,HIS10
8917,0,ﾌｧｰｽﾄ住建10
9824,0,泉州10 @@　 優待価値900
4666,0,ﾊﾟｰｸ24-10 @@
2678,0,ｱｽｸﾙ11-18  @@
8923,0,ﾄｰｾｲ11 200 @@
2734,0,ｻｰﾗ11  500　@@
6078,0,ﾊﾞﾘｭｰHR12 300　 @@
2752,0,ﾌｼﾞｵﾌｰﾄﾞ12 @@
2809,0,ｷｭｰﾋﾟｰ11　端株有
7965,0,象印11-18  1000
4331,0,T&G12　新設　700-2000　@@
3964,0,ｵｰｸﾈｯﾄ12 @@ 3000
9369,0,ｷｭｰｿｰ11 200 @@
575A,0,前澤11  記念米 500 @@
3180,0,ﾋﾞｭｰﾃｨｰｶﾞﾚｰｼﾞ空10(4) @@
2792,0,ﾊﾆｰｽﾞ空11(5)@@
3196,0,ﾎｯﾄﾗﾝﾄﾞ12 -  1000 @@
4848,0,ﾌﾙｷｬｽﾄ12  500 @@
8179,0,ﾛｲﾔﾙﾎｰﾙﾃﾞｨﾝｸﾞ12  @@
2211,0,不二家12 優待券3000円分(利1.2%) 現\2460 @@
2702,0,ﾏｸﾄﾞ12   500 @@
9672,0,東京都競馬12 東京ｻﾏｰﾗﾝﾄﾞ招待券2枚他(利0.%) 現\4675 @@
3197,0,ｽｶｲ12  2000円分(利0.6%) 現\3167 @@
3097,0,物語12 【継続】半年で電子食事券 3500円分(利0.6%) 現\5510 @@
1899,0,福田組12  - 200
4293,0,ｾﾌﾟﾃｰﾆ12  - 1000    優待価値5500 日興対象外
4755,0,楽天12@@
4912,0,ﾗｲｵﾝ12 【継続】 現\1726
9722,0,藤田観光12 【500株】 現\3005
4922,0,ｺｰｾｰ12
4967,0,小林製薬12
3950,0,ｻﾞﾊﾟｯｸ12
7272,0,ﾔﾏﾊ発動12
4985,0,ｱｰｽ製薬12
4979,0,OATｱｸﾞﾘｵ12
2325,0,NJS12   500
1899,0,福田組12 【200株】ｸｵｶｰﾄﾞ 現\4735
4633,0,ｻｶﾀｲﾝｸｽ12 ｸｵｶｰﾄﾞ 500円現\2595
9757,0,船井総研12 ｸｵｶｰﾄﾞ 500円 現\1165
7532,0,ﾊﾟﾝ･ﾊﾟｼ12 【500株】現\685
4919,0,ﾐﾙﾎﾞﾝ12 ﾍｱｹｱ製品交換ﾎﾟｲﾝﾄ 30P(利0.9%) 現\3215
7936,0,ｱｼｯｸｽ12 10枚割引率25% 現\4141
3028,0,ｱﾙﾍﾟﾝ12 (1000株(利0.9%) 現\2341
3091,0,ﾌﾞﾛﾝｺﾋﾞﾘｰ12 (200株倍)(+議決権1000?)現\2866
9543,0,静岡ｶﾞｽ12 【1000株】PYC 5000P(300株)金券有(利0.4%) 現\1291
7846,0,ﾊﾟｲﾛｯﾄ12 【300株】筆記具ｾｯﾄ 現\2102
3001,0,片倉工業12 はちみつ､ｺｸｰﾝ 現\2935
4578,0,大塚ﾎｰﾙﾃﾞｨﾝｸﾞｽ 3000円相当(利0.3%) 現\11320
3472,1,断 日本ﾎﾃﾙ　前回売却休止 !!!
3475,0,断 ｸﾞｯﾄｺﾑアセット10
212A,0,断 ﾌｯﾄｲｰｼﾞｰ10 ｸｵ  優待価値4500
6533,0,断　ｵｰｹｽﾄﾗ12  - 200
3662,0,断 ｴｲﾁｰﾑ1 　優待価値9000  長距離過ぎ
3696,0,断 ｾﾚｽ12  300　暗号  2倍 優待価値20000  断念
9678,0,断ｶﾅﾓﾄ10 長期無し
6194,500,ｱﾄﾗｴ10　-500　!!!
3031,0,(AN　異 ﾗｸｰﾝ10 1000  優待価値15000  　2000ま異名義1000=
9279,0,(AS ｷﾞﾌﾄ10 @@ 優待価値1500
3134,0,(AS Hamee10
