,,,,,,,ZZZZ,10/10 18:52,
3038,0,神戸物産10  1000 @@ 優待価値13500 !!!
3038,0,神戸物産10  1000 @@ 優待価値18000 !!!
7856,0,萩原工業10　@@ !!!
8079,0,(AK 正栄10  P料高い。Eスマ済 持ち替え検討 @@　!!!
2301,0,学情10　@@
6309,0,巴10 -200 要空　@@
2910,0,ﾛｯｸﾌｨｰﾙﾄﾞ10 @@
9603, -,HIS10
8917, -,ﾌｧｰｽﾄ住建10
9824,27900,泉州10 @@　 優待価値900
4666,0,ﾊﾟｰｸ24-10 @@
2678,0,ｱｽｸﾙ11-18  @@
8923,0,ﾄｰｾｲ11 200 @@
2734,0,ｻｰﾗ11  500　@@
6078,0,ﾊﾞﾘｭｰHR12 300　 @@
2752,0,ﾌｼﾞｵﾌｰﾄﾞ12 @@
2809, -,ｷｭｰﾋﾟｰ11　端株有
7965, -,象印11-18  1000
4331,0,T&G12　新設　700-2000　@@
3964,0,ｵｰｸﾈｯﾄ12 @@ 3000
9369,0,ｷｭｰｿｰ11 200 @@
575A,0,前澤11  記念米 500 @@
3180,0,ﾋﾞｭｰﾃｨｰｶﾞﾚｰｼﾞ空10(4) @@
2792,0,ﾊﾆｰｽﾞ空11(5)@@
3196,0,ﾎｯﾄﾗﾝﾄﾞ12 -  1000 @@
4848,0,ﾌﾙｷｬｽﾄ12 らあめん花月嵐食事券2枚等(500株まで同利(利1.%) 現\1778 @@
8179,57900,ﾛｲﾔﾙﾎｰﾙﾃﾞｨﾝｸﾞ12  @@
2211,0,不二家12 優待券3000円分(利1.2%) 現\2460 @@
2702,33200,ﾏｸﾄﾞ12   500 @@
9672,4900,東京都競馬12 東京ｻﾏｰﾗﾝﾄﾞ招待券2枚他(利0.%) 現\4675 @@
3197,51500,ｽｶｲ12  2000円分(利0.6%) 現\3167 @@
3097,8800,物語12 【継続】半年で電子食事券 3500円分(利0.6%) 現\5510 @@
1899, -,福田組12  - 200
4293, -,ｾﾌﾟﾃｰﾆ12  - 1000    優待価値5500 日興対象外
4755,1300,楽天12@@
4922, -,ｺｰｾｰ12
4967, -,小林製薬12
7272, -,ﾔﾏﾊ発動12
4979, -,OATｱｸﾞﾘｵ12
2325, -,NJS12   500
1899, -,福田組12 【200株】ｸｵｶｰﾄﾞ 現\4735
9757, -,船井総研12 ｸｵｶｰﾄﾞ 500円 現\1165
7936, -,ｱｼｯｸｽ12 10枚割引率25% 現\4141
3028, -,ｱﾙﾍﾟﾝ12 (1000株(利0.9%) 現\2341
3091,42400,ﾌﾞﾛﾝｺﾋﾞﾘｰ12 (200株倍)(+議決権1000?)現\2866 @@
9543, -,静岡ｶﾞｽ12 【1000株】PYC 5000P(300株)金券有(利0.4%) 現\1291
7846, -,ﾊﾟｲﾛｯﾄ12 【300株】筆記具ｾｯﾄ 現\2102
3001, -,片倉工業12 はちみつ､ｺｸｰﾝ 現\2935
4578, -,大塚ﾎｰﾙﾃﾞｨﾝｸﾞｽ 3000円相当(利0.3%) 現\11320
3472,15,断 日本ﾎﾃﾙ　前回売却休止 !!!
3475, -,断 ｸﾞｯﾄｺﾑアセット10
212A, -,断 ﾌｯﾄｲｰｼﾞｰ10 ｸｵ  優待価値4500
6533, -,断　ｵｰｹｽﾄﾗ12  - 200
3662, -,断 ｴｲﾁｰﾑ1 　優待価値9000  長距離過ぎ
3696, -,断 ｾﾚｽ12  300　暗号  2倍 優待価値20000  断念
9678, -,断ｶﾅﾓﾄ10 長期無し
6194,0,ｱﾄﾗｴ10　-500　!!!!
4025,0,多木化学12 ｸｵｶｰﾄﾞ 1000円分(利0.2%) 現\5560 @@
4633,1200,ｻｶﾀｲﾝｸｽ12 ｸｵｶｰﾄﾞ 500円分(利0.2%) 現\2595 @@
3663,0,ｾﾙｼｽ12 【200株】CLIPSTUDIO6ヶ月版ｺｰﾄﾞ(利0.%) 現\1793 @@
4680,0,ﾗｳﾝﾄﾞﾜﾝ12 500円券1枚(実質半額券)など(300株同利)(利0.4%) 現\1241 @@
9757,1000,船井総研12 ｸｵｶｰﾄﾞ 500円分(利0.4%) 現\1165 @@
7532,3100,ﾊﾟﾝ･ﾊﾟｼﾌｨｯｸ12 【500株】majica2000円分(100株)会員優待(利0.6%) 現\685 @@
4919,800,ﾐﾙﾎﾞﾝ12 ﾍｱｹｱ製品交換ﾎﾟｲﾝﾄ 30P(利0.9%) 現\3215 @@
3950,5100,ｻﾞ･ﾊﾟｯｸ 12月:ｸｵｶｰﾄﾞ 1000円分(2026まで)(利0.7%) 現\1428 @@
7846,700,ﾊﾟｲﾛｯﾄｺｰﾎﾟﾚｰｼ12 【300株】筆記具ｾｯﾄ(1500株ﾗﾝｸｱｯﾌﾟ)(利0.%) 現\2102 @@
2871,1000,ﾆﾁﾚｲ12 【500株】商品詰合せ2500円分(利0.2%) 現\2087 @@
9722,20500,藤田観光12 【500株】優待券15000円､ﾕﾈｯｻﾝ等優待1枚(利1.%) 現\3005 @@
3983,0,ｵﾛ12 【継続】1年でｸｵｶｰﾄﾞ3000円分(利1.6%) 現\1902 @@
4985,900,ｱｰｽ製薬12 【継続】1年で自社商品2500円分(利0.6%) 現\4565 @@
4912,1100,ﾗｲｵﾝ12 【継続】1年で商品詰合せ2000円相当くらい?(利1.2%) 現\1726 @@
3031, -,(AN　異 ﾗｸｰﾝ10 1000  優待価値15000  　2000ま異名義1000=
9279,0,(AS ｷﾞﾌﾄ10 @@ 優待価値1500
3134, -,(AS Hamee10
