,,,,,,,ZZZZ,10/02 12:33,
0,3008,0,0,465,0,3038,神戸物産10  1000 @@ 優待価値9000,28
700,8180,0,0,1266,0,9824,泉州10 @@　 優待価値900,28
0,4295,0,0,666,0,8079,正栄10  P料高い。Eスマ済 持ち替え検討 @@,28
0,1702,0,0,263,0,2301,学情10　@@,28
0,1922,0,0,297,0,6309,巴10 -200 要空　@@,28
0,1783.0,0,0,275,0,4666,ﾊﾟｰｸ24 @@,28
0,1199,0,0,323,0,2678,ｱｽｸﾙ11-18  @@,50
0,1724,0,0,525,0,8923,ﾄｰｾｲ11 200 @@,57
400,1180,0,0,360,0,2734,ｻｰﾗ11  500　@@,57
0,1511,0,0,727,0,6078,ﾊﾞﾘｭｰHR12 300　優待価値7500 @@ !!!,91
0,1367,0,0,212,0,2910,ﾛｯｸﾌｨｰﾙﾄﾞ10 @@ !!!,28
0,1150,0,0,555,0,2752,ﾌｼﾞｵﾌｰﾄﾞ12 @@,91
 -,1076.0,0,0,166,0,9603,HIS10,28
0,2079,0,0,322,0,9279,ｷﾞﾌﾄ10 @@,28
0,1080,0,0,167,0,8917,ﾌｧｰｽﾄ住建10 @@,28
 -,4282.0,0,0,1311,0,2809,ｷｭｰﾋﾟｰ11　端株有,57
 -,1430.0,0,0,385,0,7965,象印11-18  1000,50
0,299,0,0,45,0,3134,Hamee10　@@,28
0,2066,0,0,321,0,7856,萩原工業10　@@,28
0,861,0,0,414,0,4331,T&G12　新設　700-2000　@@,91
0,1358,0,0,657,0,3964,ｵｰｸﾈｯﾄ12 @@ 3000,91
 -,5280.0,0,0,820,0,9678,ｶﾅﾓﾄ,28
 -,66400.0,0,0,203,0,3472,断 日本ﾎﾃﾙ　前回売却休止,57
 -,1489.0,0,0,231,0,3475,断 ｸﾞｯﾄｺﾑアセット10,28
0,2759,0,0,426,0,212A,断 ﾌｯﾄｲｰｼﾞｰ10 ｸｵ  優待価値4500 @@,28
 -,2080.0,0,0,1005,0,6533,断　ｵｰｹｽﾄﾗ12  - 200,91
0,941,0,0,1493,0,3662,断 ｴｲﾁｰﾑ1 　優待価値9000 @@ 長距離過ぎ,302
0,2281,0,0,1101,0,3696,断 ｾﾚｽ12  300　暗号  2倍 優待価値20000  長距離余裕無し断念  @@,91
 -,708.0,0,0,109,0,3031,(AN異 ﾗｸｰﾝ10 1000  優待価値15000  　2000ま異名義1000=,28
