ZZZZ,2026-09-30 17:50:56,取得日時
3038,受,神戸物産(3038)
9824,受,泉州電業(9824)
8079,受,正栄食品工業(8079)
2301,受,学情(2301)
6309,受,巴工業(6309)
4666,受,ﾊﾟｰｸ24(4666)
2678,対象外,ｱｽｸﾙ11-18  @@
8923,対象外,ﾄｰｾｲ11 200 @@
2734,対象外,ｻｰﾗ11  500　@@
6078,対象外,ﾊﾞﾘｭｰHR12 300　優待価値7500 @@ !!!
2910,受,ﾛｯｸ･ﾌｨｰﾙﾄﾞ(2910)
2752,対象外,ﾌｼﾞｵﾌｰﾄﾞ12 @@
9603,受,ｴｲﾁ･ｱｲ･ｴｽ(9603)
9279,受,ｷﾞﾌﾄﾎｰﾙﾃﾞｨﾝｸﾞｽ(9279)
8917,対象外,ﾌｧｰｽﾄ住建10 @@
2809,対象外,ｷｭｰﾋﾟｰ11　端株有
7965,対象外,象印11-18  1000
3134,対象外,Hamee10　@@
7856,受,萩原工業(7856)
4331,対象外,T&G12　新設　700-2000　@@
3472,対象外,断 日本ﾎﾃﾙ　前回売却休止
3475,対象外,断 ｸﾞｯﾄｺﾑアセット10
212A,受,ﾌｨｯﾄｲｰｼﾞｰ(212A)
6533,対象外,断　ｵｰｹｽﾄﾗ12  - 200
3662,対象外,断 ｴｲﾁｰﾑ1 　優待価値9000 @@ 長距離過ぎ
3696,対象外,断 ｾﾚｽ12  300　暗号  2倍 優待価値20000  長距離余裕無し断念  @@
3031,受,ﾗｸｰﾝﾎｰﾙﾃﾞｨﾝｸﾞｽ(3031)
